x0000,y0000
0.,0.
1.,7.328
2.,7.782
3.,0.139
4.,-0.06
5.,5260.
6.,5683.3333333333
7.,5520.
8.,5496.6666666667
9.,5780.
10.,6106.6666666667
11.,6223.3333333333
12.,6263.3333333333
13.,6256.6666666667
14.,6486.6666666667
15.,6513.3333333333
16.,6690.
17.,6716.6666666667
18.,6243.3333333333
19.,6336.6666666667
20.,6156.6666666667
21.,6420.
22.,6283.3333333333
23.,6563.3333333333
24.,6646.6666666667
25.,6640.
26.,6553.3333333333
27.,6806.6666666667
28.,6443.3333333333
29.,6560.
30.,6270.
31.,6470.
32.,6313.3333333333
33.,6060.
34.,6216.6666666667
35.,6260.
36.,6343.3333333333
37.,6273.3333333333
38.,6740.
39.,6683.3333333333
40.,6516.6666666667
41.,6830.
42.,7013.3333333333
43.,7130.
44.,6553.3333333333
45.,6356.6666666667
46.,6696.6666666667
47.,6663.3333333333
48.,6756.6666666667
49.,6626.6666666667
50.,6646.6666666667
51.,6670.
52.,6863.3333333333
53.,6863.3333333333
54.,6796.6666666667
55.,6806.6666666667
56.,6753.3333333333
57.,6990.
58.,6816.6666666667
59.,7096.6666666667
60.,6940.
61.,6893.3333333333
62.,6953.3333333333
63.,6850.
64.,6820.
65.,7280.
66.,7070.
67.,7313.3333333333
68.,6986.6666666667
69.,6856.6666666667
70.,6896.6666666667
71.,7003.3333333333
72.,7206.6666666667
73.,7263.3333333333
74.,7086.6666666667
75.,7210.
76.,7206.6666666667
77.,7280.
78.,7423.3333333333
79.,7300.
80.,7293.3333333333
81.,7376.6666666667
82.,7360.
83.,7526.6666666667
84.,7313.3333333333
85.,7123.3333333333
86.,7616.6666666667
87.,7483.3333333333
88.,7526.6666666667
89.,7476.6666666667
90.,7900.
91.,7776.6666666667
92.,7920.
93.,7706.6666666667
94.,7613.3333333333
95.,7653.3333333333
96.,7300.
97.,7533.3333333333
98.,7556.6666666667
99.,7676.6666666667
100.,7583.3333333333
101.,7566.6666666667
102.,7630.
103.,7373.3333333333
104.,7290.
105.,7413.3333333333
106.,7636.6666666667
107.,7376.6666666667
108.,7396.6666666667
109.,7410.
110.,7540.
111.,7750.
112.,7723.3333333333
113.,7373.3333333333
114.,7586.6666666667
115.,7560.
116.,7720.
117.,7463.3333333333
118.,7470.
119.,7280.
120.,7443.3333333333
121.,7110.
122.,7553.3333333333
123.,7543.3333333333
124.,7163.3333333333
125.,7063.3333333333
126.,7110.
127.,7043.3333333333
128.,6936.6666666667
129.,7113.3333333333
130.,7296.6666666667
131.,6833.3333333333
132.,7210.
133.,7050.
134.,7086.6666666667
135.,6960.
136.,6886.6666666667
137.,7010.
138.,7160.
139.,7306.6666666667
140.,7246.6666666667
141.,7233.3333333333
142.,7103.3333333333
143.,7146.6666666667
144.,7150.
145.,6993.3333333333
146.,7143.3333333333
147.,6993.3333333333
148.,6886.6666666667
149.,6810.
150.,6796.6666666667
151.,6663.3333333333
152.,7070.
153.,6630.
154.,6896.6666666667
155.,7256.6666666667
156.,7210.
157.,6980.
158.,6803.3333333333
159.,6966.6666666667
160.,6926.6666666667
161.,6936.6666666667
162.,7010.
163.,6946.6666666667
164.,7026.6666666667
165.,7090.
166.,7103.3333333333
167.,7290.
168.,7610.
169.,7166.6666666667
170.,6996.6666666667
171.,7086.6666666667
172.,7126.6666666667
173.,7383.3333333333
174.,7390.
175.,7153.3333333333
176.,6860.
177.,7140.
178.,7150.
179.,6883.3333333333
180.,7340.
181.,7163.3333333333
182.,7310.
183.,7126.6666666667
184.,7290.
185.,7106.6666666667
186.,7216.6666666667
187.,7516.6666666667
188.,7076.6666666667
189.,6880.
190.,7126.6666666667
191.,7210.
192.,6970.
193.,7243.3333333333
194.,7236.6666666667
195.,7223.3333333333
196.,7086.6666666667
197.,7386.6666666667
198.,7253.3333333333
199.,6940.
200.,6766.6666666667
201.,6730.
202.,7070.
203.,6763.3333333333
204.,7040.
205.,5456.6666666667
206.,5786.6666666667
207.,5926.6666666667
208.,6413.3333333333
209.,6433.3333333333
210.,6636.6666666667
211.,6800.
212.,6606.6666666667
213.,6980.
214.,6666.6666666667
215.,6723.3333333333
216.,6820.
217.,7190.
218.,7093.3333333333
219.,7126.6666666667
220.,7073.3333333333
221.,7766.6666666667
222.,7196.6666666667
223.,7693.3333333333
224.,7526.6666666667
225.,7540.
226.,7726.6666666667
227.,7560.
228.,7590.
229.,7740.
230.,7606.6666666667
231.,8010.
232.,7676.6666666667
233.,8043.3333333333
234.,7693.3333333333
235.,8020.
236.,8230.
237.,7760.
238.,8403.3333333333
239.,7790.
240.,7840.
241.,7910.
242.,7830.
243.,7526.6666666667
244.,7676.6666666667
245.,8043.3333333333
246.,8120.
247.,8253.3333333333
248.,7960.
249.,7946.6666666667
250.,7573.3333333333
251.,7843.3333333333
252.,7726.6666666667
253.,7706.6666666667
254.,7826.6666666667
255.,7693.3333333333
256.,7556.6666666667
257.,7466.6666666667
258.,7533.3333333333
259.,7643.3333333333
260.,7556.6666666667
261.,7216.6666666667
262.,7553.3333333333
263.,7130.
264.,7123.3333333333
265.,7093.3333333333
266.,7243.3333333333
267.,6746.6666666667
268.,7053.3333333333
269.,6853.3333333333
270.,6796.6666666667
271.,6513.3333333333
272.,7013.3333333333
273.,7030.
274.,6876.6666666667
275.,6826.6666666667
276.,6606.6666666667
277.,7023.3333333333
278.,6933.3333333333
279.,6876.6666666667
280.,6930.
281.,6906.6666666667
282.,6520.
283.,6773.3333333333
284.,6393.3333333333
285.,6816.6666666667
286.,6483.3333333333
287.,6730.
288.,6490.
289.,6456.6666666667
290.,6770.
291.,6556.6666666667
292.,6710.
293.,6546.6666666667
294.,6853.3333333333
295.,6700.
296.,6793.3333333333
297.,6770.
298.,6746.6666666667
299.,6613.3333333333
300.,6630.
301.,6423.3333333333
302.,6376.6666666667
303.,6270.
304.,6330.
305.,6306.6666666667
306.,6573.3333333333
307.,6406.6666666667
308.,6736.6666666667
309.,6763.3333333333
310.,6810.
311.,6846.6666666667
312.,6856.6666666667
313.,6710.
314.,6746.6666666667
315.,6623.3333333333
316.,6743.3333333333
317.,6613.3333333333
318.,6650.
319.,6746.6666666667
320.,6866.6666666667
321.,6900.
322.,6913.3333333333
323.,7110.
324.,7023.3333333333
325.,6923.3333333333
326.,6863.3333333333
327.,6873.3333333333
328.,6486.6666666667
329.,6980.
330.,6723.3333333333
331.,6680.
332.,6153.3333333333
333.,6110.
334.,5803.3333333333
335.,5456.6666666667
336.,5110.
337.,5236.6666666667
338.,5160.
339.,5103.3333333333
340.,5126.6666666667
341.,5130.
342.,5380.
343.,5040.
344.,5480.
345.,4986.6666666667
346.,5080.
347.,5010.
348.,5453.3333333333
349.,5370.
350.,5073.3333333333
351.,5096.6666666667
352.,5183.3333333333
353.,5146.6666666667
354.,5013.3333333333
355.,5020.
356.,5133.3333333333
357.,4846.6666666667
358.,4933.3333333333
359.,4886.6666666667
360.,4563.3333333333
361.,4820.
362.,4876.6666666667
363.,4863.3333333333
364.,4823.3333333333
365.,4883.3333333333
366.,5043.3333333333
367.,4656.6666666667
368.,4853.3333333333
369.,4863.3333333333
370.,4846.6666666667
371.,4680.
372.,4870.
373.,4590.
374.,4453.3333333333
375.,4836.6666666667
376.,4786.6666666667
377.,4886.6666666667
378.,4826.6666666667
379.,4706.6666666667
380.,5046.6666666667
381.,4966.6666666667
382.,4946.6666666667
383.,4883.3333333333
384.,4780.
385.,4793.3333333333
386.,4610.
387.,4806.6666666667
388.,5243.3333333333
389.,4856.6666666667
390.,4913.3333333333
391.,4876.6666666667
392.,4726.6666666667
393.,4786.6666666667
394.,4590.
395.,4786.6666666667
396.,4903.3333333333
397.,4456.6666666667
398.,4546.6666666667
399.,4840.
400.,4993.3333333333
401.,4680.
402.,4530.
403.,4593.3333333333
404.,5053.3333333333
405.,4903.3333333333
406.,4786.6666666667
407.,4833.3333333333
408.,4766.6666666667
409.,4573.3333333333
410.,4536.6666666667
411.,4996.6666666667
412.,4896.6666666667
413.,4806.6666666667
414.,4826.6666666667
415.,4873.3333333333
416.,4670.
417.,4936.6666666667
418.,4743.3333333333
419.,4620.
420.,4643.3333333333
421.,4516.6666666667
422.,4780.
423.,4456.6666666667
424.,4383.3333333333
425.,4940.
426.,4513.3333333333
427.,4820.
428.,4510.
429.,4726.6666666667
430.,4813.3333333333
431.,4733.3333333333
432.,4596.6666666667
433.,4960.
434.,4843.3333333333
435.,4920.
436.,4633.3333333333
437.,4826.6666666667
438.,4810.
439.,4660.
440.,5000.
441.,4813.3333333333
442.,4713.3333333333
443.,4680.
444.,4770.
445.,4933.3333333333
446.,4383.3333333333
447.,4826.6666666667
448.,4716.6666666667
449.,5013.3333333333
450.,4950.
451.,4856.6666666667
452.,4476.6666666667
453.,4643.3333333333
454.,4570.
455.,4666.6666666667
456.,4516.6666666667
457.,4803.3333333333
458.,4920.
459.,5033.3333333333
460.,4900.
461.,5586.6666666667
462.,5620.
463.,5413.3333333333
464.,5780.
465.,5780.
466.,5730.
467.,5886.6666666667
468.,5686.6666666667
469.,5773.3333333333
470.,6053.3333333333
471.,5906.6666666667
472.,6216.6666666667
473.,6400.
474.,6666.6666666667
475.,6416.6666666667
476.,6353.3333333333
477.,6573.3333333333
478.,6400.
479.,6773.3333333333
480.,6656.6666666667
481.,6553.3333333333
482.,6483.3333333333
483.,6800.
484.,6623.3333333333
485.,6600.
486.,6700.
487.,6906.6666666667
488.,6593.3333333333
489.,6690.
490.,6800.
491.,7116.6666666667
492.,6753.3333333333
493.,6753.3333333333
494.,6806.6666666667
495.,6816.6666666667
496.,6956.6666666667
497.,6550.
498.,6380.
499.,6670.
500.,6430.
501.,6926.6666666667
502.,6450.
503.,6820.
504.,6920.
505.,6673.3333333333
506.,6640.
507.,7030.
508.,6826.6666666667
509.,6626.6666666667
510.,6656.6666666667
511.,6670.
512.,6723.3333333333
513.,6833.3333333333
514.,6756.6666666667
515.,6666.6666666667
516.,6596.6666666667
517.,6436.6666666667
518.,6316.6666666667
519.,6553.3333333333
520.,6616.6666666667
521.,6430.
522.,6806.6666666667
523.,6380.
524.,6723.3333333333
525.,5953.3333333333
526.,6260.
527.,6290.
528.,6683.3333333333
529.,6736.6666666667
530.,6313.3333333333
531.,6663.3333333333
532.,6623.3333333333
533.,6466.6666666667
534.,6996.6666666667
535.,6923.3333333333
536.,6603.3333333333
537.,6986.6666666667
538.,6756.6666666667
539.,6710.
540.,6753.3333333333
541.,6933.3333333333
542.,6973.3333333333
543.,6660.
544.,6920.
545.,7006.6666666667
546.,6813.3333333333
547.,7036.6666666667
548.,7220.
549.,7426.6666666667
550.,7250.
551.,7276.6666666667
552.,7446.6666666667
553.,7393.3333333333
554.,7296.6666666667
555.,7506.6666666667
556.,7613.3333333333
557.,7120.
558.,7400.
559.,8056.6666666667
560.,7646.6666666667
561.,7566.6666666667
562.,7393.3333333333
563.,7470.
564.,7836.6666666667
565.,7910.
566.,7833.3333333333
567.,7843.3333333333
568.,7733.3333333333
569.,7823.3333333333
570.,7490.
571.,7563.3333333333
572.,7800.
573.,7916.6666666667
574.,7270.
575.,7413.3333333333
576.,7400.
577.,7260.
578.,7723.3333333333
579.,7386.6666666667
580.,7606.6666666667
581.,7546.6666666667
582.,7310.
583.,7480.
584.,7523.3333333333
585.,7683.3333333333
586.,7650.
587.,7583.3333333333
588.,7790.
589.,7583.3333333333
590.,7820.
591.,7700.
592.,7713.3333333333
593.,7900.
594.,7626.6666666667
595.,7823.3333333333
596.,7756.6666666667
597.,7543.3333333333
598.,7946.6666666667
599.,7926.6666666667
600.,7943.3333333333
601.,7603.3333333333
602.,7923.3333333333
603.,7850.
604.,7573.3333333333
605.,6113.3333333333
606.,6370.
607.,6373.3333333333
608.,6856.6666666667
609.,6740.
610.,7060.
611.,6963.3333333333
612.,7130.
613.,7330.
614.,7243.3333333333
615.,7183.3333333333
616.,7430.
617.,7426.6666666667
618.,7736.6666666667
619.,7946.6666666667
620.,7423.3333333333
621.,7173.3333333333
622.,6980.
623.,7146.6666666667
624.,7410.
625.,7303.3333333333
626.,7220.
627.,7070.
628.,7253.3333333333
629.,6806.6666666667
630.,7400.
631.,7176.6666666667
632.,6823.3333333333
633.,7363.3333333333
634.,7013.3333333333
635.,7133.3333333333
636.,6693.3333333333
637.,6646.6666666667
638.,6970.
639.,6633.3333333333
640.,6983.3333333333
641.,7010.
642.,6683.3333333333
643.,7040.
644.,6883.3333333333
645.,7200.
646.,6713.3333333333
647.,7060.
648.,7430.
649.,7340.
650.,7483.3333333333
651.,7210.
652.,7426.6666666667
653.,7330.
654.,6973.3333333333
655.,7166.6666666667
656.,6800.
657.,6916.6666666667
658.,7080.
659.,7343.3333333333
660.,6950.
661.,7133.3333333333
662.,7136.6666666667
663.,7013.3333333333
664.,6836.6666666667
665.,7113.3333333333
666.,7406.6666666667
667.,6723.3333333333
668.,7086.6666666667
669.,6880.
670.,6696.6666666667
671.,7203.3333333333
672.,7406.6666666667
673.,7083.3333333333
674.,7223.3333333333
675.,7183.3333333333
676.,7550.
677.,7153.3333333333
678.,7203.3333333333
679.,7386.6666666667
680.,7350.
681.,7716.6666666667
682.,7180.
683.,7260.
684.,7570.
685.,7796.6666666667
686.,7520.
687.,7403.3333333333
688.,7450.
689.,7303.3333333333
690.,7406.6666666667
691.,7236.6666666667
692.,7410.
693.,7130.
694.,7386.6666666667
695.,7076.6666666667
696.,7140.
697.,7076.6666666667
698.,7393.3333333333
699.,7273.3333333333
700.,6956.6666666667
701.,7373.3333333333
702.,7263.3333333333
703.,7100.
704.,6926.6666666667
705.,7433.3333333333
706.,7586.6666666667
707.,7506.6666666667
708.,7260.
709.,7216.6666666667
710.,7246.6666666667
711.,7123.3333333333
712.,7303.3333333333
713.,7213.3333333333
714.,6953.3333333333
715.,7003.3333333333
716.,6943.3333333333
717.,7053.3333333333
718.,7240.
719.,7186.6666666667
720.,7323.3333333333
721.,7073.3333333333
722.,7393.3333333333
723.,7026.6666666667
724.,7183.3333333333
725.,7066.6666666667
726.,7150.
727.,6823.3333333333
728.,6956.6666666667
729.,7060.
730.,6643.3333333333
731.,6656.6666666667
732.,6526.6666666667
733.,6646.6666666667
734.,6840.
735.,6583.3333333333
736.,6576.6666666667
737.,6606.6666666667
738.,6543.3333333333
739.,6580.
740.,6553.3333333333
741.,6736.6666666667
742.,6680.
743.,6846.6666666667
744.,7070.
745.,6380.
746.,6540.
747.,6440.
748.,6480.
749.,6606.6666666667
750.,6496.6666666667
751.,6746.6666666667
752.,6613.3333333333
753.,6676.6666666667
754.,6603.3333333333
755.,6496.6666666667
756.,6760.
757.,6646.6666666667
758.,6973.3333333333
759.,6800.
760.,6670.
761.,6546.6666666667
762.,6616.6666666667
763.,6613.3333333333
764.,6626.6666666667
765.,6483.3333333333
766.,6643.3333333333
767.,6416.6666666667
768.,6453.3333333333
769.,6353.3333333333
770.,6513.3333333333
771.,6650.
772.,6610.
773.,6286.6666666667
774.,6420.
775.,6736.6666666667
776.,6516.6666666667
777.,6433.3333333333
778.,6573.3333333333
779.,6576.6666666667
780.,6663.3333333333
781.,6203.3333333333
782.,6410.
783.,6533.3333333333
784.,6383.3333333333
785.,6353.3333333333
786.,6956.6666666667
787.,6410.
788.,6683.3333333333
789.,6643.3333333333
790.,6310.
791.,6306.6666666667
792.,6583.3333333333
793.,6823.3333333333
794.,6696.6666666667
795.,6570.
796.,6546.6666666667
797.,6613.3333333333
798.,7000.
799.,6623.3333333333
800.,6463.3333333333
801.,6990.
802.,6513.3333333333
803.,6733.3333333333
804.,6660.
805.,4833.3333333333
806.,5126.6666666667
807.,5476.6666666667
808.,5676.6666666667
809.,6110.
810.,6053.3333333333
811.,6180.
812.,6356.6666666667
813.,6120.
814.,6216.6666666667
815.,6473.3333333333
816.,6243.3333333333
817.,6300.
818.,6316.6666666667
819.,6476.6666666667
820.,6696.6666666667
821.,6426.6666666667
822.,6526.6666666667
823.,6820.
824.,6686.6666666667
825.,6676.6666666667
826.,6603.3333333333
827.,6596.6666666667
828.,6803.3333333333
829.,6286.6666666667
830.,6336.6666666667
831.,6366.6666666667
832.,6540.
833.,6290.
834.,6776.6666666667
835.,6416.6666666667
836.,6566.6666666667
837.,6660.
838.,6853.3333333333
839.,6766.6666666667
840.,6623.3333333333
841.,6740.
842.,6626.6666666667
843.,6436.6666666667
844.,6506.6666666667
845.,6390.
846.,6460.
847.,6376.6666666667
848.,6730.
849.,6553.3333333333
850.,6786.6666666667
851.,6466.6666666667
852.,6943.3333333333
853.,6683.3333333333
854.,6703.3333333333
855.,6866.6666666667
856.,6720.
857.,6453.3333333333
858.,6493.3333333333
859.,6590.
860.,6880.
861.,6316.6666666667
862.,6600.
863.,6226.6666666667
864.,6563.3333333333
865.,6440.
866.,6216.6666666667
867.,6440.
868.,6333.3333333333
869.,6843.3333333333
870.,6430.
871.,6600.
872.,6190.
873.,6556.6666666667
874.,6766.6666666667
875.,6676.6666666667
876.,6640.
877.,6333.3333333333
878.,6516.6666666667
879.,6450.
880.,6716.6666666667
881.,6816.6666666667
882.,6796.6666666667
883.,6703.3333333333
884.,6486.6666666667
885.,6613.3333333333
886.,6783.3333333333
887.,6573.3333333333
888.,6543.3333333333
889.,6783.3333333333
890.,6743.3333333333
891.,6703.3333333333
892.,6720.
893.,7016.6666666667
894.,6770.
895.,6610.
896.,6373.3333333333
897.,6326.6666666667
898.,6726.6666666667
899.,6580.
900.,6413.3333333333
901.,6500.
902.,6560.
903.,6396.6666666667
904.,6523.3333333333
905.,7096.6666666667
906.,6680.
907.,6830.
908.,6436.6666666667
909.,6756.6666666667
910.,6213.3333333333
911.,6656.6666666667
912.,6390.
913.,6286.6666666667
914.,6416.6666666667
915.,6526.6666666667
916.,6553.3333333333
917.,6573.3333333333
918.,6566.6666666667
919.,6220.
920.,6356.6666666667
921.,6686.6666666667
922.,6466.6666666667
923.,6426.6666666667
924.,6713.3333333333
925.,6840.
926.,6963.3333333333
927.,6926.6666666667
928.,6766.6666666667
929.,6890.
930.,6536.6666666667
931.,6826.6666666667
932.,6703.3333333333
933.,7156.6666666667
934.,6646.6666666667
935.,6510.
936.,6816.6666666667
937.,6420.
938.,6450.
939.,6660.
940.,6560.
941.,6160.
942.,6536.6666666667
943.,6713.3333333333
944.,6773.3333333333
945.,6726.6666666667
946.,6770.
947.,6616.6666666667
948.,6483.3333333333
949.,6713.3333333333
950.,6330.
951.,6693.3333333333
952.,6626.6666666667
953.,6643.3333333333
954.,6773.3333333333
955.,7053.3333333333
956.,6916.6666666667
957.,6946.6666666667
958.,6763.3333333333
959.,6516.6666666667
960.,6926.6666666667
961.,6840.
962.,6616.6666666667
963.,6793.3333333333
964.,6486.6666666667
965.,6583.3333333333
966.,6686.6666666667
967.,6676.6666666667
968.,6760.
969.,6646.6666666667
970.,6840.
971.,6826.6666666667
972.,6513.3333333333
973.,6536.6666666667
974.,6823.3333333333
975.,6670.
976.,6853.3333333333
977.,6856.6666666667
978.,6766.6666666667
979.,6730.
980.,6496.6666666667
981.,6680.
982.,6786.6666666667
983.,7070.
984.,6556.6666666667
985.,6676.6666666667
986.,7243.3333333333
987.,7213.3333333333
988.,7163.3333333333
989.,6990.
990.,7286.6666666667
991.,7053.3333333333
992.,7190.
993.,6786.6666666667
994.,6840.
995.,6803.3333333333
996.,7120.
997.,6956.6666666667
998.,7053.3333333333
999.,6946.6666666667
1000.,7006.6666666667
1001.,6960.
1002.,7183.3333333333
1003.,7193.3333333333
1004.,6956.6666666667
1005.,5683.3333333333
1006.,5793.3333333333
1007.,6283.3333333333
1008.,6300.
1009.,6593.3333333333
1010.,6650.
1011.,6843.3333333333
1012.,6960.
1013.,6886.6666666667
1014.,7156.6666666667
1015.,7180.
1016.,7226.6666666667
1017.,7083.3333333333
1018.,7356.6666666667
1019.,7260.
1020.,6993.3333333333
1021.,7366.6666666667
1022.,7383.3333333333
1023.,7580.
1024.,7366.6666666667
1025.,7433.3333333333
1026.,7340.
1027.,7243.3333333333
1028.,7583.3333333333
1029.,7306.6666666667
1030.,7173.3333333333
1031.,7153.3333333333
1032.,6926.6666666667
1033.,7246.6666666667
1034.,6970.
1035.,7160.
1036.,7133.3333333333
1037.,7033.3333333333
1038.,7116.6666666667
1039.,7253.3333333333
1040.,7266.6666666667
1041.,7416.6666666667
1042.,7486.6666666667
1043.,7413.3333333333
1044.,7736.6666666667
1045.,7580.
1046.,7243.3333333333
1047.,7196.6666666667
1048.,7590.
1049.,7506.6666666667
1050.,7583.3333333333
1051.,7280.
1052.,7130.
1053.,7393.3333333333
1054.,6986.6666666667
1055.,7420.
1056.,7123.3333333333
1057.,7440.
1058.,7493.3333333333
1059.,7403.3333333333
1060.,7576.6666666667
1061.,7470.
1062.,7356.6666666667
1063.,7243.3333333333
1064.,7170.
1065.,7336.6666666667
1066.,7310.
1067.,7030.
1068.,7283.3333333333
1069.,7496.6666666667
1070.,7226.6666666667
1071.,7313.3333333333
1072.,7310.
1073.,7366.6666666667
1074.,7306.6666666667
1075.,7650.
1076.,7183.3333333333
1077.,7533.3333333333
1078.,7370.
1079.,7286.6666666667
1080.,7396.6666666667
1081.,7523.3333333333
1082.,7406.6666666667
1083.,7656.6666666667
1084.,7323.3333333333
1085.,7366.6666666667
1086.,7223.3333333333
1087.,7053.3333333333
1088.,7096.6666666667
1089.,7023.3333333333
1090.,6900.
1091.,7443.3333333333
1092.,7523.3333333333
1093.,6936.6666666667
1094.,7346.6666666667
1095.,7513.3333333333
1096.,7456.6666666667
1097.,7066.6666666667
1098.,7413.3333333333
1099.,7030.
1100.,7196.6666666667
1101.,7016.6666666667
1102.,6800.
1103.,6923.3333333333
1104.,7076.6666666667
1105.,7183.3333333333
1106.,7316.6666666667
1107.,7303.3333333333
1108.,7196.6666666667
1109.,7130.
1110.,7526.6666666667
1111.,7043.3333333333
1112.,7350.
1113.,7070.
1114.,7473.3333333333
1115.,7356.6666666667
1116.,7306.6666666667
1117.,7123.3333333333
1118.,7250.
1119.,6870.
1120.,7010.
1121.,6950.
1122.,7330.
1123.,7106.6666666667
1124.,6933.3333333333
1125.,7160.
1126.,7170.
1127.,7040.
1128.,7270.
1129.,7133.3333333333
1130.,7183.3333333333
1131.,7093.3333333333
1132.,6873.3333333333
1133.,7046.6666666667
1134.,6890.
1135.,7066.6666666667
1136.,6983.3333333333
1137.,6626.6666666667
1138.,6713.3333333333
1139.,6796.6666666667
1140.,6766.6666666667
1141.,7366.6666666667
1142.,7090.
1143.,7116.6666666667
1144.,6740.
1145.,7146.6666666667
1146.,7010.
1147.,6833.3333333333
1148.,7056.6666666667
1149.,6990.
1150.,6760.
1151.,6413.3333333333
1152.,6883.3333333333
1153.,7050.
1154.,6770.
1155.,6816.6666666667
1156.,6686.6666666667
1157.,6616.6666666667
1158.,6813.3333333333
1159.,7176.6666666667
1160.,7010.
1161.,6896.6666666667
1162.,6680.
1163.,7043.3333333333
1164.,6740.
1165.,7103.3333333333
1166.,7166.6666666667
1167.,7063.3333333333
1168.,6760.
1169.,6656.6666666667
1170.,6913.3333333333
1171.,6686.6666666667
1172.,6973.3333333333
1173.,7043.3333333333
1174.,7310.
1175.,6893.3333333333
1176.,7176.6666666667
1177.,6876.6666666667
1178.,7043.3333333333
1179.,6980.
1180.,7106.6666666667
1181.,7020.
1182.,7153.3333333333
1183.,7100.
1184.,7000.
1185.,6953.3333333333
1186.,6960.
1187.,7196.6666666667
1188.,7063.3333333333
1189.,7140.
1190.,6890.
1191.,7120.
1192.,6536.6666666667
1193.,6733.3333333333
1194.,6980.
1195.,7253.3333333333
1196.,7153.3333333333
1197.,6916.6666666667
1198.,7136.6666666667
1199.,6976.6666666667
1200.,6970.
1201.,7150.
1202.,7043.3333333333
1203.,6890.
1204.,7173.3333333333
1205.,5273.3333333333
1206.,5556.6666666667
1207.,5973.3333333333
1208.,6206.6666666667
1209.,6316.6666666667
1210.,6296.6666666667
1211.,6206.6666666667
1212.,6686.6666666667
1213.,6760.
1214.,7033.3333333333
1215.,6876.6666666667
1216.,7123.3333333333
1217.,6496.6666666667
1218.,6780.
1219.,6620.
1220.,6660.
1221.,6460.
1222.,6666.6666666667
1223.,6643.3333333333
1224.,6843.3333333333
1225.,6996.6666666667
1226.,6943.3333333333
1227.,6856.6666666667
1228.,6883.3333333333
1229.,6786.6666666667
1230.,6743.3333333333
1231.,7100.
1232.,6923.3333333333
1233.,6940.
1234.,6966.6666666667
1235.,6690.
1236.,7070.
1237.,6686.6666666667
1238.,6903.3333333333
1239.,6913.3333333333
1240.,6880.
1241.,7020.
1242.,6796.6666666667
1243.,7130.
1244.,7113.3333333333
1245.,7233.3333333333
1246.,6920.
1247.,7263.3333333333
1248.,7126.6666666667
1249.,6956.6666666667
1250.,6810.
1251.,7013.3333333333
1252.,6976.6666666667
1253.,7253.3333333333
1254.,7223.3333333333
1255.,7010.
1256.,6833.3333333333
1257.,6810.
1258.,7276.6666666667
1259.,6433.3333333333
1260.,6973.3333333333
1261.,6866.6666666667
1262.,6546.6666666667
1263.,6553.3333333333
1264.,6680.
1265.,6940.
1266.,6963.3333333333
1267.,7030.
1268.,7250.
1269.,6893.3333333333
1270.,7463.3333333333
1271.,7416.6666666667
1272.,7266.6666666667
1273.,7083.3333333333
1274.,6906.6666666667
1275.,7223.3333333333
1276.,7073.3333333333
1277.,6646.6666666667
1278.,6823.3333333333
1279.,7040.
1280.,6980.
1281.,7210.
1282.,7093.3333333333
1283.,6760.
1284.,6830.
1285.,7053.3333333333
1286.,6700.
1287.,6983.3333333333
1288.,6853.3333333333
1289.,7263.3333333333
1290.,7223.3333333333
1291.,6720.
1292.,7233.3333333333
1293.,7036.6666666667
1294.,7116.6666666667
1295.,7176.6666666667
1296.,7020.
1297.,6640.
1298.,6850.
1299.,6970.
1300.,7186.6666666667
1301.,7050.
1302.,7210.
1303.,6953.3333333333
1304.,6880.
1305.,7253.3333333333
1306.,6933.3333333333
1307.,6906.6666666667
1308.,7016.6666666667
1309.,7066.6666666667
1310.,6903.3333333333
1311.,6793.3333333333
1312.,6850.
1313.,7013.3333333333
1314.,7156.6666666667
1315.,7163.3333333333
1316.,7033.3333333333
1317.,7483.3333333333
1318.,7330.
1319.,7480.
1320.,7386.6666666667
1321.,7553.3333333333
1322.,7363.3333333333
1323.,7430.
1324.,7153.3333333333
1325.,7403.3333333333
1326.,7113.3333333333
1327.,7180.
1328.,7426.6666666667
1329.,7223.3333333333
1330.,7070.
1331.,6953.3333333333
1332.,7116.6666666667
1333.,6813.3333333333
1334.,7130.
1335.,7400.
1336.,7433.3333333333
1337.,7403.3333333333
1338.,7166.6666666667
1339.,6880.
1340.,7133.3333333333
1341.,6793.3333333333
1342.,6850.
1343.,7110.
1344.,6893.3333333333
1345.,7250.
1346.,6940.
1347.,7446.6666666667
1348.,7330.
1349.,7163.3333333333
1350.,7013.3333333333
1351.,7303.3333333333
1352.,7196.6666666667
1353.,7380.
1354.,6916.6666666667
1355.,7493.3333333333
1356.,7180.
1357.,7403.3333333333
1358.,7403.3333333333
1359.,7196.6666666667
1360.,7136.6666666667
1361.,7586.6666666667
1362.,7310.
1363.,7253.3333333333
1364.,6980.
1365.,7013.3333333333
1366.,7170.
1367.,6796.6666666667
1368.,6886.6666666667
1369.,6973.3333333333
1370.,7020.
1371.,6870.
1372.,7420.
1373.,7233.3333333333
1374.,7233.3333333333
1375.,7030.
1376.,6853.3333333333
1377.,7010.
1378.,6950.
1379.,7083.3333333333
1380.,6960.
1381.,6966.6666666667
1382.,7180.
1383.,6853.3333333333
1384.,6776.6666666667
1385.,6943.3333333333
1386.,6883.3333333333
1387.,7040.
1388.,7200.
1389.,6963.3333333333
1390.,6786.6666666667
1391.,7163.3333333333
1392.,7330.
1393.,7016.6666666667
1394.,7240.
1395.,7040.
1396.,7150.
1397.,7030.
1398.,6853.3333333333
1399.,7330.
1400.,6616.6666666667
1401.,6990.
1402.,7213.3333333333
1403.,7266.6666666667
1404.,7353.3333333333
1405.,5426.6666666667
1406.,5680.
1407.,6090.
1408.,5873.3333333333
1409.,6266.6666666667
1410.,6300.
1411.,6283.3333333333
1412.,6576.6666666667
1413.,6703.3333333333
1414.,6623.3333333333
1415.,6826.6666666667
1416.,6983.3333333333
1417.,6990.
1418.,7070.
1419.,7266.6666666667
1420.,7186.6666666667
1421.,6863.3333333333
1422.,6776.6666666667
1423.,6686.6666666667
1424.,6836.6666666667
1425.,6813.3333333333
1426.,6900.
1427.,6850.
1428.,7220.
1429.,6723.3333333333
1430.,6946.6666666667
1431.,6923.3333333333
1432.,6903.3333333333
1433.,7190.
1434.,7126.6666666667
1435.,6953.3333333333
1436.,7250.
1437.,7363.3333333333
1438.,6930.
1439.,6863.3333333333
1440.,6876.6666666667
1441.,6773.3333333333
1442.,6780.
1443.,6623.3333333333
1444.,6760.
1445.,6946.6666666667
1446.,7033.3333333333
1447.,7313.3333333333
1448.,6930.
1449.,6940.
1450.,7210.
1451.,6860.
1452.,6926.6666666667
1453.,7056.6666666667
1454.,7040.
1455.,6930.
1456.,6906.6666666667
1457.,7066.6666666667
1458.,7153.3333333333
1459.,7170.
1460.,6926.6666666667
1461.,6913.3333333333
1462.,6990.
1463.,6716.6666666667
1464.,6740.
1465.,6760.
1466.,6946.6666666667
1467.,6956.6666666667
1468.,6783.3333333333
1469.,7050.
1470.,7143.3333333333
1471.,6863.3333333333
1472.,6846.6666666667
1473.,6823.3333333333
1474.,6873.3333333333
1475.,6940.
1476.,6896.6666666667
1477.,6720.
1478.,6736.6666666667
1479.,7053.3333333333
1480.,7206.6666666667
1481.,6880.
1482.,6850.
1483.,7046.6666666667
1484.,6990.
1485.,6873.3333333333
1486.,6953.3333333333
1487.,6500.
1488.,6856.6666666667
1489.,6680.
1490.,6676.6666666667
1491.,6953.3333333333
1492.,6696.6666666667
1493.,7156.6666666667
1494.,6810.
1495.,6533.3333333333
1496.,7090.
1497.,7273.3333333333
1498.,7263.3333333333
1499.,6946.6666666667
1500.,7060.
1501.,6723.3333333333
1502.,6820.
1503.,7096.6666666667
1504.,6703.3333333333
1505.,7110.
1506.,7346.6666666667
1507.,7080.
1508.,7240.
1509.,7143.3333333333
1510.,7160.
1511.,7293.3333333333
1512.,7393.3333333333
1513.,7310.
1514.,7216.6666666667
1515.,7083.3333333333
1516.,7176.6666666667
1517.,7400.
1518.,7243.3333333333
1519.,7450.
1520.,6943.3333333333
1521.,7636.6666666667
1522.,7386.6666666667
1523.,6993.3333333333
1524.,7490.
1525.,7246.6666666667
1526.,7056.6666666667
1527.,7143.3333333333
1528.,7440.
1529.,7253.3333333333
1530.,7856.6666666667
1531.,7476.6666666667
1532.,7553.3333333333
1533.,7273.3333333333
1534.,7136.6666666667
1535.,7436.6666666667
1536.,7136.6666666667
1537.,7440.
1538.,7220.
1539.,7640.
1540.,7250.
1541.,6923.3333333333
1542.,7310.
1543.,7320.
1544.,7303.3333333333
1545.,7286.6666666667
1546.,7190.
1547.,7033.3333333333
1548.,6976.6666666667
1549.,7090.
1550.,7273.3333333333
1551.,7220.
1552.,7166.6666666667
1553.,7176.6666666667
1554.,7330.
1555.,7443.3333333333
1556.,7523.3333333333
1557.,7666.6666666667
1558.,7353.3333333333
1559.,7523.3333333333
1560.,7180.
1561.,7410.
1562.,7886.6666666667
1563.,7660.
1564.,7420.
1565.,7560.
1566.,7336.6666666667
1567.,6983.3333333333
1568.,7386.6666666667
1569.,7350.
1570.,7223.3333333333
1571.,7396.6666666667
1572.,7090.
1573.,7206.6666666667
1574.,7150.
1575.,7333.3333333333
1576.,7150.
1577.,7713.3333333333
1578.,7140.
1579.,7306.6666666667
1580.,7170.
1581.,7260.
1582.,7393.3333333333
1583.,7606.6666666667
1584.,7366.6666666667
1585.,7330.
1586.,7196.6666666667
1587.,7133.3333333333
1588.,6960.
1589.,7300.
1590.,7490.
1591.,7433.3333333333
1592.,7526.6666666667
1593.,6970.
1594.,6983.3333333333
1595.,7113.3333333333
1596.,7190.
1597.,7693.3333333333
1598.,7566.6666666667
1599.,7670.
1600.,7596.6666666667
1601.,7940.
1602.,7766.6666666667
1603.,7246.6666666667
1604.,7390.
1605.,5610.
1606.,5870.
1607.,6293.3333333333
1608.,6780.
1609.,6450.
1610.,6410.
1611.,6786.6666666667
1612.,6660.
1613.,7056.6666666667
1614.,7423.3333333333
1615.,7000.
1616.,7543.3333333333
1617.,7330.
1618.,7316.6666666667
1619.,7150.
1620.,7266.6666666667
1621.,7180.
1622.,7716.6666666667
1623.,7246.6666666667
1624.,7170.
1625.,7350.
1626.,7323.3333333333
1627.,7453.3333333333
1628.,7423.3333333333
1629.,7013.3333333333
1630.,7140.
1631.,7163.3333333333
1632.,7276.6666666667
1633.,7096.6666666667
1634.,7343.3333333333
1635.,7353.3333333333
1636.,7206.6666666667
1637.,6760.
1638.,7656.6666666667
1639.,7103.3333333333
1640.,7320.
1641.,7190.
1642.,7526.6666666667
1643.,6980.
1644.,7170.
1645.,7153.3333333333
1646.,6913.3333333333
1647.,7246.6666666667
1648.,7250.
1649.,7440.
1650.,7173.3333333333
1651.,7443.3333333333
1652.,7143.3333333333
1653.,7223.3333333333
1654.,7410.
1655.,7400.
1656.,7336.6666666667
1657.,7200.
1658.,7303.3333333333
1659.,7470.
1660.,7026.6666666667
1661.,7363.3333333333
1662.,7260.
1663.,7006.6666666667
1664.,6976.6666666667
1665.,7403.3333333333
1666.,7536.6666666667
1667.,7373.3333333333
1668.,7666.6666666667
1669.,7156.6666666667
1670.,7960.
1671.,7536.6666666667
1672.,7450.
1673.,7563.3333333333
1674.,7603.3333333333
1675.,7493.3333333333
1676.,7523.3333333333
1677.,7646.6666666667
1678.,7790.
1679.,7410.
1680.,7626.6666666667
1681.,7443.3333333333
1682.,7136.6666666667
1683.,7746.6666666667
1684.,7150.
1685.,7136.6666666667
1686.,7540.
1687.,7043.3333333333
1688.,7130.
1689.,7250.
1690.,6970.
1691.,7253.3333333333
1692.,7040.
1693.,6940.
1694.,7203.3333333333
1695.,7120.
1696.,7063.3333333333
1697.,7333.3333333333
1698.,7620.
1699.,7220.
1700.,7633.3333333333
1701.,7100.
1702.,7570.
1703.,7730.
1704.,7276.6666666667
1705.,7320.
1706.,7433.3333333333
1707.,7460.
1708.,7316.6666666667
1709.,7166.6666666667
1710.,7036.6666666667
1711.,7236.6666666667
1712.,6733.3333333333
1713.,7673.3333333333
1714.,7506.6666666667
1715.,7146.6666666667
1716.,7143.3333333333
1717.,7010.
1718.,7373.3333333333
1719.,7246.6666666667
1720.,7086.6666666667
1721.,7210.
1722.,7726.6666666667
1723.,7260.
1724.,7053.3333333333
1725.,6906.6666666667
1726.,7293.3333333333
1727.,7023.3333333333
1728.,6763.3333333333
1729.,6660.
1730.,6846.6666666667
1731.,6956.6666666667
1732.,7043.3333333333
1733.,6936.6666666667
1734.,6780.
1735.,6746.6666666667
1736.,7296.6666666667
1737.,7013.3333333333
1738.,7020.
1739.,6843.3333333333
1740.,7436.6666666667
1741.,7216.6666666667
1742.,7620.
1743.,7220.
1744.,7440.
1745.,7536.6666666667
1746.,7253.3333333333
1747.,7213.3333333333
1748.,7203.3333333333
1749.,7743.3333333333
1750.,7333.3333333333
1751.,7713.3333333333
1752.,7606.6666666667
1753.,7083.3333333333
1754.,7410.
1755.,7613.3333333333
1756.,7473.3333333333
1757.,7213.3333333333
1758.,7016.6666666667
1759.,7450.
1760.,7236.6666666667
1761.,7506.6666666667
1762.,7696.6666666667
1763.,7340.
1764.,7380.
1765.,7730.
1766.,7340.
1767.,7520.
1768.,7316.6666666667
1769.,7533.3333333333
1770.,7460.
1771.,7510.
1772.,7770.
1773.,7456.6666666667
1774.,7406.6666666667
1775.,7363.3333333333
1776.,7243.3333333333
1777.,7163.3333333333
1778.,7246.6666666667
1779.,7276.6666666667
1780.,7140.
1781.,7216.6666666667
1782.,7410.
1783.,6866.6666666667
1784.,7060.
1785.,7243.3333333333
1786.,7160.
1787.,7300.
1788.,7213.3333333333
1789.,7050.
1790.,7150.
1791.,7166.6666666667
1792.,6910.
1793.,6816.6666666667
1794.,6950.
1795.,7110.
1796.,6970.
1797.,6886.6666666667
1798.,6916.6666666667
1799.,6906.6666666667
1800.,7206.6666666667
1801.,6963.3333333333
1802.,6820.
1803.,7210.
1804.,6920.
1805.,5300.
1806.,5813.3333333333
1807.,5726.6666666667
1808.,5756.6666666667
1809.,6070.
1810.,6473.3333333333
1811.,6343.3333333333
1812.,6373.3333333333
1813.,6976.6666666667
1814.,6636.6666666667
1815.,6806.6666666667
1816.,6773.3333333333
1817.,6603.3333333333
1818.,6460.
1819.,6500.
1820.,6563.3333333333
1821.,6543.3333333333
1822.,6816.6666666667
1823.,6726.6666666667
1824.,6593.3333333333
1825.,6866.6666666667
1826.,6533.3333333333
1827.,6430.
1828.,6426.6666666667
1829.,6520.
1830.,6356.6666666667
1831.,6373.3333333333
1832.,6343.3333333333
1833.,6513.3333333333
1834.,6673.3333333333
1835.,6636.6666666667
1836.,6686.6666666667
1837.,6296.6666666667
1838.,6570.
1839.,6480.
1840.,6863.3333333333
1841.,6706.6666666667
1842.,6943.3333333333
1843.,6560.
1844.,6896.6666666667
1845.,7246.6666666667
1846.,6550.
1847.,7006.6666666667
1848.,6796.6666666667
1849.,7046.6666666667
1850.,6706.6666666667
1851.,6703.3333333333
1852.,7073.3333333333
1853.,6633.3333333333
1854.,6576.6666666667
1855.,6773.3333333333
1856.,6610.
1857.,7173.3333333333
1858.,6820.
1859.,6660.
1860.,7070.
1861.,6700.
1862.,6796.6666666667
1863.,6643.3333333333
1864.,6503.3333333333
1865.,6736.6666666667
1866.,6266.6666666667
1867.,6036.6666666667
1868.,6366.6666666667
1869.,6593.3333333333
1870.,6280.
1871.,5843.3333333333
1872.,6576.6666666667
1873.,6283.3333333333
1874.,6756.6666666667
1875.,6676.6666666667
1876.,6170.
1877.,6423.3333333333
1878.,6630.
1879.,6450.
1880.,6653.3333333333
1881.,6786.6666666667
1882.,6463.3333333333
1883.,6590.
1884.,6130.
1885.,6343.3333333333
1886.,6543.3333333333
1887.,6053.3333333333
1888.,6426.6666666667
1889.,6633.3333333333
1890.,6170.
1891.,6463.3333333333
1892.,6290.
1893.,6020.
1894.,6250.
1895.,6673.3333333333
1896.,6066.6666666667
1897.,6353.3333333333
1898.,6560.
1899.,6250.
1900.,6516.6666666667
1901.,6716.6666666667
1902.,6516.6666666667
1903.,6203.3333333333
1904.,6276.6666666667
1905.,6630.
1906.,6036.6666666667
1907.,6583.3333333333
1908.,6120.
1909.,6390.
1910.,6193.3333333333
1911.,6390.
1912.,6586.6666666667
1913.,6133.3333333333
1914.,6723.3333333333
1915.,6210.
1916.,6336.6666666667
1917.,6116.6666666667
1918.,6440.
1919.,6143.3333333333
1920.,6016.6666666667
1921.,6470.
1922.,5943.3333333333
1923.,5876.6666666667
1924.,5893.3333333333
1925.,6113.3333333333
1926.,6060.
1927.,5883.3333333333
1928.,5900.
1929.,6290.
1930.,6500.
1931.,6256.6666666667
1932.,6810.
1933.,6723.3333333333
1934.,6433.3333333333
1935.,6816.6666666667
1936.,6910.
1937.,6266.6666666667
1938.,6646.6666666667
1939.,6833.3333333333
1940.,6380.
1941.,6583.3333333333
1942.,6623.3333333333
1943.,6710.
1944.,6873.3333333333
1945.,6990.
1946.,6590.
1947.,6576.6666666667
1948.,6720.
1949.,6760.
1950.,6636.6666666667
1951.,6896.6666666667
1952.,6486.6666666667
1953.,6696.6666666667
1954.,6866.6666666667
1955.,6386.6666666667
1956.,6443.3333333333
1957.,6523.3333333333
1958.,6270.
1959.,6373.3333333333
1960.,6406.6666666667
1961.,6116.6666666667
1962.,6240.
1963.,6893.3333333333
1964.,6413.3333333333
1965.,6690.
1966.,7016.6666666667
1967.,6773.3333333333
1968.,6953.3333333333
1969.,6910.
1970.,6710.
1971.,6680.
1972.,6340.
1973.,6600.
1974.,6123.3333333333
1975.,6876.6666666667
1976.,6173.3333333333
1977.,6570.
1978.,6593.3333333333
1979.,6803.3333333333
1980.,7006.6666666667
1981.,6416.6666666667
1982.,6733.3333333333
1983.,6413.3333333333
1984.,6643.3333333333
1985.,6790.
1986.,6570.
1987.,6836.6666666667
1988.,6606.6666666667
1989.,6993.3333333333
1990.,6910.
1991.,6833.3333333333
1992.,6933.3333333333
1993.,6896.6666666667
1994.,6570.
1995.,6690.
1996.,6926.6666666667
1997.,6540.
1998.,6806.6666666667
1999.,6470.
2000.,6273.3333333333
2001.,7263.3333333333
2002.,6533.3333333333
2003.,6603.3333333333
2004.,6900.
