counts,AZ_bottom V,AZ_top V,AY V,AX V,cooling PD V
1017.0,0.9900000000000001,-2.8600000000000003,0.0,0.0,0.0341796875
1059.0,0.9900000000000001,-2.8600000000000003,0.0,-0.045,0.0341796875
1040.0,0.9900000000000001,-2.8600000000000003,0.0,-0.09,0.03662109375
700.0,0.9900000000000001,-2.8600000000000003,0.0,-0.135,0.035400390625
951.0,0.9900000000000001,-2.8600000000000003,0.0,-0.18,0.03509521484375
1241.0,0.9900000000000001,-2.8600000000000003,0.0,-0.225,0.03509521484375
1148.0,0.9900000000000001,-2.8600000000000003,0.0,-0.27,0.035400390625
1427.0,0.9900000000000001,-2.8600000000000003,0.0,-0.315,0.0360107421875
1352.0,0.9900000000000001,-2.8600000000000003,0.0,-0.36,0.03509521484375
861.0,0.9900000000000001,-2.8600000000000003,0.0,-0.40499999999999997,0.0360107421875
645.0,0.9900000000000001,-2.8600000000000003,-0.05714285714285715,0.0,0.0360107421875
754.0,0.9900000000000001,-2.8600000000000003,-0.05714285714285715,-0.045,0.0360107421875
1149.0,0.9900000000000001,-2.8600000000000003,-0.05714285714285715,-0.09,0.0347900390625
995.0,0.9900000000000001,-2.8600000000000003,-0.05714285714285715,-0.135,0.035400390625
990.0,0.9900000000000001,-2.8600000000000003,-0.05714285714285715,-0.18,0.035400390625
977.0,0.9900000000000001,-2.8600000000000003,-0.05714285714285715,-0.225,0.035400390625
1028.0,0.9900000000000001,-2.8600000000000003,-0.05714285714285715,-0.27,0.03509521484375
829.0,0.9900000000000001,-2.8600000000000003,-0.05714285714285715,-0.315,0.03631591796875
1033.0,0.9900000000000001,-2.8600000000000003,-0.05714285714285715,-0.36,0.035400390625
1051.0,0.9900000000000001,-2.8600000000000003,-0.05714285714285715,-0.40499999999999997,0.03631591796875
913.0,0.9900000000000001,-2.8600000000000003,-0.1142857142857143,0.0,0.035400390625
957.0,0.9900000000000001,-2.8600000000000003,-0.1142857142857143,-0.045,0.035400390625
873.0,0.9900000000000001,-2.8600000000000003,-0.1142857142857143,-0.09,0.035400390625
991.0,0.9900000000000001,-2.8600000000000003,-0.1142857142857143,-0.135,0.0360107421875
976.0,0.9900000000000001,-2.8600000000000003,-0.1142857142857143,-0.18,0.03570556640625
832.0,0.9900000000000001,-2.8600000000000003,-0.1142857142857143,-0.225,0.0360107421875
724.0,0.9900000000000001,-2.8600000000000003,-0.1142857142857143,-0.27,0.03509521484375
1054.0,0.9900000000000001,-2.8600000000000003,-0.1142857142857143,-0.315,0.035400390625
1095.0,0.9900000000000001,-2.8600000000000003,-0.1142857142857143,-0.36,0.0347900390625
1290.0,0.9900000000000001,-2.8600000000000003,-0.1142857142857143,-0.40499999999999997,0.0347900390625
1621.0,0.9900000000000001,-2.8600000000000003,-0.17142857142857146,0.0,0.03509521484375
1477.0,0.9900000000000001,-2.8600000000000003,-0.17142857142857146,-0.045,0.03570556640625
1218.0,0.9900000000000001,-2.8600000000000003,-0.17142857142857146,-0.09,0.0372314453125
1040.0,0.9900000000000001,-2.8600000000000003,-0.17142857142857146,-0.135,0.03692626953125
1404.0,0.9900000000000001,-2.8600000000000003,-0.17142857142857146,-0.18,0.03753662109375
889.0,0.9900000000000001,-2.8600000000000003,-0.17142857142857146,-0.225,0.03570556640625
901.0,0.9900000000000001,-2.8600000000000003,-0.17142857142857146,-0.27,0.035400390625
790.0,0.9900000000000001,-2.8600000000000003,-0.17142857142857146,-0.315,0.03570556640625
584.0,0.9900000000000001,-2.8600000000000003,-0.17142857142857146,-0.36,0.0360107421875
769.0,0.9900000000000001,-2.8600000000000003,-0.17142857142857146,-0.40499999999999997,0.035400390625
980.0,0.9900000000000001,-2.8600000000000003,-0.2285714285714286,0.0,0.035400390625
885.0,0.9900000000000001,-2.8600000000000003,-0.2285714285714286,-0.045,0.03509521484375
602.0,0.9900000000000001,-2.8600000000000003,-0.2285714285714286,-0.09,0.035400390625
534.0,0.9900000000000001,-2.8600000000000003,-0.2285714285714286,-0.135,0.035400390625
699.0,0.9900000000000001,-2.8600000000000003,-0.2285714285714286,-0.18,0.035400390625
859.0,0.9900000000000001,-2.8600000000000003,-0.2285714285714286,-0.225,0.03692626953125
811.0,0.9900000000000001,-2.8600000000000003,-0.2285714285714286,-0.27,0.0341796875
877.0,0.9900000000000001,-2.8600000000000003,-0.2285714285714286,-0.315,0.03570556640625
962.0,0.9900000000000001,-2.8600000000000003,-0.2285714285714286,-0.36,0.03631591796875
830.0,0.9900000000000001,-2.8600000000000003,-0.2285714285714286,-0.40499999999999997,0.0360107421875
980.0,0.9900000000000001,-2.8600000000000003,-0.2857142857142857,0.0,0.0360107421875
762.0,0.9900000000000001,-2.8600000000000003,-0.2857142857142857,-0.045,0.03631591796875
1036.0,0.9900000000000001,-2.8600000000000003,-0.2857142857142857,-0.09,0.03570556640625
917.0,0.9900000000000001,-2.8600000000000003,-0.2857142857142857,-0.135,0.03631591796875
793.0,0.9900000000000001,-2.8600000000000003,-0.2857142857142857,-0.18,0.03631591796875
753.0,0.9900000000000001,-2.8600000000000003,-0.2857142857142857,-0.225,0.0360107421875
706.0,0.9900000000000001,-2.8600000000000003,-0.2857142857142857,-0.27,0.03570556640625
727.0,0.9900000000000001,-2.8600000000000003,-0.2857142857142857,-0.315,0.0360107421875
401.0,0.9900000000000001,-2.8600000000000003,-0.2857142857142857,-0.36,0.0360107421875
511.0,0.9900000000000001,-2.8600000000000003,-0.2857142857142857,-0.40499999999999997,0.03509521484375
720.0,0.9900000000000001,-2.8600000000000003,-0.3428571428571429,0.0,0.03570556640625
910.0,0.9900000000000001,-2.8600000000000003,-0.3428571428571429,-0.045,0.0360107421875
888.0,0.9900000000000001,-2.8600000000000003,-0.3428571428571429,-0.09,0.035400390625
915.0,0.9900000000000001,-2.8600000000000003,-0.3428571428571429,-0.135,0.03509521484375
811.0,0.9900000000000001,-2.8600000000000003,-0.3428571428571429,-0.18,0.0347900390625
1270.0,0.9900000000000001,-2.8600000000000003,-0.3428571428571429,-0.225,0.0360107421875
941.0,0.9900000000000001,-2.8600000000000003,-0.3428571428571429,-0.27,0.03570556640625
875.0,0.9900000000000001,-2.8600000000000003,-0.3428571428571429,-0.315,0.03631591796875
859.0,0.9900000000000001,-2.8600000000000003,-0.3428571428571429,-0.36,0.03570556640625
758.0,0.9900000000000001,-2.8600000000000003,-0.3428571428571429,-0.40499999999999997,0.035400390625
772.0,0.9900000000000001,-2.8600000000000003,-0.4,0.0,0.035400390625
747.0,0.9900000000000001,-2.8600000000000003,-0.4,-0.045,0.03631591796875
1237.0,0.9900000000000001,-2.8600000000000003,-0.4,-0.09,0.0360107421875
860.0,0.9900000000000001,-2.8600000000000003,-0.4,-0.135,0.03509521484375
893.0,0.9900000000000001,-2.8600000000000003,-0.4,-0.18,0.03570556640625
956.0,0.9900000000000001,-2.8600000000000003,-0.4,-0.225,0.03631591796875
1383.0,0.9900000000000001,-2.8600000000000003,-0.4,-0.27,0.03509521484375
1424.0,0.9900000000000001,-2.8600000000000003,-0.4,-0.315,0.03662109375
1439.0,0.9900000000000001,-2.8600000000000003,-0.4,-0.36,0.03570556640625
885.0,0.9900000000000001,-2.8600000000000003,-0.4,-0.40499999999999997,0.0360107421875
1135.0,0.9900000000000001,-2.8600000000000003,-0.4571428571428572,0.0,0.03570556640625
1225.0,0.9900000000000001,-2.8600000000000003,-0.4571428571428572,-0.045,0.03692626953125
927.0,0.9900000000000001,-2.8600000000000003,-0.4571428571428572,-0.09,0.03662109375
804.0,0.9900000000000001,-2.8600000000000003,-0.4571428571428572,-0.135,0.035400390625
804.0,0.9900000000000001,-2.8600000000000003,-0.4571428571428572,-0.18,0.03509521484375
1190.0,0.9900000000000001,-2.8600000000000003,-0.4571428571428572,-0.225,0.03570556640625
1215.0,0.9900000000000001,-2.8600000000000003,-0.4571428571428572,-0.27,0.03662109375
1247.0,0.9900000000000001,-2.8600000000000003,-0.4571428571428572,-0.315,0.03692626953125
1278.0,0.9900000000000001,-2.8600000000000003,-0.4571428571428572,-0.36,0.0360107421875
954.0,0.9900000000000001,-2.8600000000000003,-0.4571428571428572,-0.40499999999999997,0.03631591796875
754.0,0.9900000000000001,-2.8600000000000003,-0.5142857142857143,0.0,0.0360107421875
782.0,0.9900000000000001,-2.8600000000000003,-0.5142857142857143,-0.045,0.03662109375
621.0,0.9900000000000001,-2.8600000000000003,-0.5142857142857143,-0.09,0.03509521484375
731.0,0.9900000000000001,-2.8600000000000003,-0.5142857142857143,-0.135,0.03570556640625
1080.0,0.9900000000000001,-2.8600000000000003,-0.5142857142857143,-0.18,0.0347900390625
1204.0,0.9900000000000001,-2.8600000000000003,-0.5142857142857143,-0.225,0.035400390625
941.0,0.9900000000000001,-2.8600000000000003,-0.5142857142857143,-0.27,0.03631591796875
925.0,0.9900000000000001,-2.8600000000000003,-0.5142857142857143,-0.315,0.03570556640625
912.0,0.9900000000000001,-2.8600000000000003,-0.5142857142857143,-0.36,0.03662109375
686.0,0.9900000000000001,-2.8600000000000003,-0.5142857142857143,-0.40499999999999997,0.03509521484375
997.0,1.0450000000000002,-2.8600000000000003,0.0,0.0,0.03692626953125
569.0,1.0450000000000002,-2.8600000000000003,0.0,-0.045,0.03631591796875
855.0,1.0450000000000002,-2.8600000000000003,0.0,-0.09,0.03387451171875
737.0,1.0450000000000002,-2.8600000000000003,0.0,-0.135,0.03631591796875
860.0,1.0450000000000002,-2.8600000000000003,0.0,-0.18,0.035400390625
1298.0,1.0450000000000002,-2.8600000000000003,0.0,-0.225,0.03662109375
1120.0,1.0450000000000002,-2.8600000000000003,0.0,-0.27,0.035400390625
816.0,1.0450000000000002,-2.8600000000000003,0.0,-0.315,0.03631591796875
655.0,1.0450000000000002,-2.8600000000000003,0.0,-0.36,0.03570556640625
890.0,1.0450000000000002,-2.8600000000000003,0.0,-0.40499999999999997,0.03631591796875
607.0,1.0450000000000002,-2.8600000000000003,-0.05714285714285715,0.0,0.03570556640625
828.0,1.0450000000000002,-2.8600000000000003,-0.05714285714285715,-0.045,0.03570556640625
774.0,1.0450000000000002,-2.8600000000000003,-0.05714285714285715,-0.09,0.03570556640625
535.0,1.0450000000000002,-2.8600000000000003,-0.05714285714285715,-0.135,0.03631591796875
582.0,1.0450000000000002,-2.8600000000000003,-0.05714285714285715,-0.18,0.0347900390625
482.0,1.0450000000000002,-2.8600000000000003,-0.05714285714285715,-0.225,0.0360107421875
708.0,1.0450000000000002,-2.8600000000000003,-0.05714285714285715,-0.27,0.03570556640625
829.0,1.0450000000000002,-2.8600000000000003,-0.05714285714285715,-0.315,0.03631591796875
630.0,1.0450000000000002,-2.8600000000000003,-0.05714285714285715,-0.36,0.03692626953125
793.0,1.0450000000000002,-2.8600000000000003,-0.05714285714285715,-0.40499999999999997,0.03692626953125
839.0,1.0450000000000002,-2.8600000000000003,-0.1142857142857143,0.0,0.03570556640625
815.0,1.0450000000000002,-2.8600000000000003,-0.1142857142857143,-0.045,0.035400390625
954.0,1.0450000000000002,-2.8600000000000003,-0.1142857142857143,-0.09,0.03692626953125
1062.0,1.0450000000000002,-2.8600000000000003,-0.1142857142857143,-0.135,0.035400390625
1066.0,1.0450000000000002,-2.8600000000000003,-0.1142857142857143,-0.18,0.035400390625
1277.0,1.0450000000000002,-2.8600000000000003,-0.1142857142857143,-0.225,0.03509521484375
1281.0,1.0450000000000002,-2.8600000000000003,-0.1142857142857143,-0.27,0.0347900390625
1552.0,1.0450000000000002,-2.8600000000000003,-0.1142857142857143,-0.315,0.03662109375
1432.0,1.0450000000000002,-2.8600000000000003,-0.1142857142857143,-0.36,0.03570556640625
1553.0,1.0450000000000002,-2.8600000000000003,-0.1142857142857143,-0.40499999999999997,0.03570556640625
1171.0,1.0450000000000002,-2.8600000000000003,-0.17142857142857146,0.0,0.03570556640625
830.0,1.0450000000000002,-2.8600000000000003,-0.17142857142857146,-0.045,0.03570556640625
734.0,1.0450000000000002,-2.8600000000000003,-0.17142857142857146,-0.09,0.0360107421875
897.0,1.0450000000000002,-2.8600000000000003,-0.17142857142857146,-0.135,0.0360107421875
760.0,1.0450000000000002,-2.8600000000000003,-0.17142857142857146,-0.18,0.035400390625
896.0,1.0450000000000002,-2.8600000000000003,-0.17142857142857146,-0.225,0.03570556640625
701.0,1.0450000000000002,-2.8600000000000003,-0.17142857142857146,-0.27,0.03570556640625
395.0,1.0450000000000002,-2.8600000000000003,-0.17142857142857146,-0.315,0.035400390625
394.0,1.0450000000000002,-2.8600000000000003,-0.17142857142857146,-0.36,0.0347900390625
401.0,1.0450000000000002,-2.8600000000000003,-0.17142857142857146,-0.40499999999999997,0.03631591796875
305.0,1.0450000000000002,-2.8600000000000003,-0.2285714285714286,0.0,0.03631591796875
252.0,1.0450000000000002,-2.8600000000000003,-0.2285714285714286,-0.045,0.035400390625
351.0,1.0450000000000002,-2.8600000000000003,-0.2285714285714286,-0.09,0.03631591796875
368.0,1.0450000000000002,-2.8600000000000003,-0.2285714285714286,-0.135,0.0360107421875
379.0,1.0450000000000002,-2.8600000000000003,-0.2285714285714286,-0.18,0.0347900390625
436.0,1.0450000000000002,-2.8600000000000003,-0.2285714285714286,-0.225,0.0360107421875
844.0,1.0450000000000002,-2.8600000000000003,-0.2285714285714286,-0.27,0.03631591796875
1010.0,1.0450000000000002,-2.8600000000000003,-0.2285714285714286,-0.315,0.035400390625
839.0,1.0450000000000002,-2.8600000000000003,-0.2285714285714286,-0.36,0.03509521484375
1052.0,1.0450000000000002,-2.8600000000000003,-0.2285714285714286,-0.40499999999999997,0.035400390625
910.0,1.0450000000000002,-2.8600000000000003,-0.2857142857142857,0.0,0.03509521484375
786.0,1.0450000000000002,-2.8600000000000003,-0.2857142857142857,-0.045,0.03570556640625
685.0,1.0450000000000002,-2.8600000000000003,-0.2857142857142857,-0.09,0.03631591796875
1049.0,1.0450000000000002,-2.8600000000000003,-0.2857142857142857,-0.135,0.03631591796875
828.0,1.0450000000000002,-2.8600000000000003,-0.2857142857142857,-0.18,0.0347900390625
828.0,1.0450000000000002,-2.8600000000000003,-0.2857142857142857,-0.225,0.03509521484375
853.0,1.0450000000000002,-2.8600000000000003,-0.2857142857142857,-0.27,0.035400390625
704.0,1.0450000000000002,-2.8600000000000003,-0.2857142857142857,-0.315,0.03631591796875
703.0,1.0450000000000002,-2.8600000000000003,-0.2857142857142857,-0.36,0.0360107421875
688.0,1.0450000000000002,-2.8600000000000003,-0.2857142857142857,-0.40499999999999997,0.03753662109375
530.0,1.0450000000000002,-2.8600000000000003,-0.3428571428571429,0.0,0.035400390625
412.0,1.0450000000000002,-2.8600000000000003,-0.3428571428571429,-0.045,0.035400390625
504.0,1.0450000000000002,-2.8600000000000003,-0.3428571428571429,-0.09,0.0347900390625
398.0,1.0450000000000002,-2.8600000000000003,-0.3428571428571429,-0.135,0.035400390625
321.0,1.0450000000000002,-2.8600000000000003,-0.3428571428571429,-0.18,0.03631591796875
337.0,1.0450000000000002,-2.8600000000000003,-0.3428571428571429,-0.225,0.03631591796875
472.0,1.0450000000000002,-2.8600000000000003,-0.3428571428571429,-0.27,0.03509521484375
417.0,1.0450000000000002,-2.8600000000000003,-0.3428571428571429,-0.315,0.03662109375
245.0,1.0450000000000002,-2.8600000000000003,-0.3428571428571429,-0.36,0.0360107421875
425.0,1.0450000000000002,-2.8600000000000003,-0.3428571428571429,-0.40499999999999997,0.0360107421875
315.0,1.0450000000000002,-2.8600000000000003,-0.4,0.0,0.0360107421875
322.0,1.0450000000000002,-2.8600000000000003,-0.4,-0.045,0.03692626953125
453.0,1.0450000000000002,-2.8600000000000003,-0.4,-0.09,0.035400390625
476.0,1.0450000000000002,-2.8600000000000003,-0.4,-0.135,0.03753662109375
445.0,1.0450000000000002,-2.8600000000000003,-0.4,-0.18,0.035400390625
472.0,1.0450000000000002,-2.8600000000000003,-0.4,-0.225,0.03631591796875
471.0,1.0450000000000002,-2.8600000000000003,-0.4,-0.27,0.035400390625
506.0,1.0450000000000002,-2.8600000000000003,-0.4,-0.315,0.035400390625
565.0,1.0450000000000002,-2.8600000000000003,-0.4,-0.36,0.0360107421875
608.0,1.0450000000000002,-2.8600000000000003,-0.4,-0.40499999999999997,0.03662109375
584.0,1.0450000000000002,-2.8600000000000003,-0.4571428571428572,0.0,0.03570556640625
457.0,1.0450000000000002,-2.8600000000000003,-0.4571428571428572,-0.045,0.0341796875
482.0,1.0450000000000002,-2.8600000000000003,-0.4571428571428572,-0.09,0.03570556640625
524.0,1.0450000000000002,-2.8600000000000003,-0.4571428571428572,-0.135,0.03570556640625
537.0,1.0450000000000002,-2.8600000000000003,-0.4571428571428572,-0.18,0.03509521484375
744.0,1.0450000000000002,-2.8600000000000003,-0.4571428571428572,-0.225,0.03662109375
703.0,1.0450000000000002,-2.8600000000000003,-0.4571428571428572,-0.27,0.03631591796875
741.0,1.0450000000000002,-2.8600000000000003,-0.4571428571428572,-0.315,0.0372314453125
586.0,1.0450000000000002,-2.8600000000000003,-0.4571428571428572,-0.36,0.03570556640625
529.0,1.0450000000000002,-2.8600000000000003,-0.4571428571428572,-0.40499999999999997,0.03509521484375
1131.0,1.0450000000000002,-2.8600000000000003,-0.5142857142857143,0.0,0.03570556640625
763.0,1.0450000000000002,-2.8600000000000003,-0.5142857142857143,-0.045,0.0360107421875
677.0,1.0450000000000002,-2.8600000000000003,-0.5142857142857143,-0.09,0.0360107421875
891.0,1.0450000000000002,-2.8600000000000003,-0.5142857142857143,-0.135,0.03448486328125
772.0,1.0450000000000002,-2.8600000000000003,-0.5142857142857143,-0.18,0.03692626953125
701.0,1.0450000000000002,-2.8600000000000003,-0.5142857142857143,-0.225,0.03509521484375
744.0,1.0450000000000002,-2.8600000000000003,-0.5142857142857143,-0.27,0.035400390625
703.0,1.0450000000000002,-2.8600000000000003,-0.5142857142857143,-0.315,0.03692626953125
963.0,1.0450000000000002,-2.8600000000000003,-0.5142857142857143,-0.36,0.0372314453125
842.0,1.0450000000000002,-2.8600000000000003,-0.5142857142857143,-0.40499999999999997,0.03509521484375
712.0,1.1,-2.8600000000000003,0.0,0.0,0.0360107421875
838.0,1.1,-2.8600000000000003,0.0,-0.045,0.03509521484375
1224.0,1.1,-2.8600000000000003,0.0,-0.09,0.03692626953125
986.0,1.1,-2.8600000000000003,0.0,-0.135,0.0360107421875
937.0,1.1,-2.8600000000000003,0.0,-0.18,0.035400390625
938.0,1.1,-2.8600000000000003,0.0,-0.225,0.03570556640625
766.0,1.1,-2.8600000000000003,0.0,-0.27,0.03631591796875
997.0,1.1,-2.8600000000000003,0.0,-0.315,0.03631591796875
725.0,1.1,-2.8600000000000003,0.0,-0.36,0.0360107421875
718.0,1.1,-2.8600000000000003,0.0,-0.40499999999999997,0.03509521484375
992.0,1.1,-2.8600000000000003,-0.05714285714285715,0.0,0.0360107421875
866.0,1.1,-2.8600000000000003,-0.05714285714285715,-0.045,0.035400390625
576.0,1.1,-2.8600000000000003,-0.05714285714285715,-0.09,0.03692626953125
632.0,1.1,-2.8600000000000003,-0.05714285714285715,-0.135,0.03631591796875
510.0,1.1,-2.8600000000000003,-0.05714285714285715,-0.18,0.0360107421875
930.0,1.1,-2.8600000000000003,-0.05714285714285715,-0.225,0.03570556640625
700.0,1.1,-2.8600000000000003,-0.05714285714285715,-0.27,0.0360107421875
508.0,1.1,-2.8600000000000003,-0.05714285714285715,-0.315,0.0360107421875
966.0,1.1,-2.8600000000000003,-0.05714285714285715,-0.36,0.03570556640625
618.0,1.1,-2.8600000000000003,-0.05714285714285715,-0.40499999999999997,0.03631591796875
1005.0,1.1,-2.8600000000000003,-0.1142857142857143,0.0,0.03570556640625
994.0,1.1,-2.8600000000000003,-0.1142857142857143,-0.045,0.0360107421875
1571.0,1.1,-2.8600000000000003,-0.1142857142857143,-0.09,0.0347900390625
1545.0,1.1,-2.8600000000000003,-0.1142857142857143,-0.135,0.03570556640625
1155.0,1.1,-2.8600000000000003,-0.1142857142857143,-0.18,0.03631591796875
1108.0,1.1,-2.8600000000000003,-0.1142857142857143,-0.225,0.03509521484375
821.0,1.1,-2.8600000000000003,-0.1142857142857143,-0.27,0.0360107421875
1135.0,1.1,-2.8600000000000003,-0.1142857142857143,-0.315,0.03692626953125
897.0,1.1,-2.8600000000000003,-0.1142857142857143,-0.36,0.03509521484375
717.0,1.1,-2.8600000000000003,-0.1142857142857143,-0.40499999999999997,0.03509521484375
1020.0,1.1,-2.8600000000000003,-0.17142857142857146,0.0,0.035400390625
1013.0,1.1,-2.8600000000000003,-0.17142857142857146,-0.045,0.03631591796875
589.0,1.1,-2.8600000000000003,-0.17142857142857146,-0.09,0.0360107421875
1082.0,1.1,-2.8600000000000003,-0.17142857142857146,-0.135,0.0360107421875
1418.0,1.1,-2.8600000000000003,-0.17142857142857146,-0.18,0.03662109375
1399.0,1.1,-2.8600000000000003,-0.17142857142857146,-0.225,0.035400390625
1852.0,1.1,-2.8600000000000003,-0.17142857142857146,-0.27,0.0360107421875
917.0,1.1,-2.8600000000000003,-0.17142857142857146,-0.315,0.03509521484375
1598.0,1.1,-2.8600000000000003,-0.17142857142857146,-0.36,0.0360107421875
1601.0,1.1,-2.8600000000000003,-0.17142857142857146,-0.40499999999999997,0.035400390625
1591.0,1.1,-2.8600000000000003,-0.2285714285714286,0.0,0.0360107421875
1606.0,1.1,-2.8600000000000003,-0.2285714285714286,-0.045,0.03631591796875
1590.0,1.1,-2.8600000000000003,-0.2285714285714286,-0.09,0.03662109375
1773.0,1.1,-2.8600000000000003,-0.2285714285714286,-0.135,0.03570556640625
1721.0,1.1,-2.8600000000000003,-0.2285714285714286,-0.18,0.03631591796875
1440.0,1.1,-2.8600000000000003,-0.2285714285714286,-0.225,0.03692626953125
940.0,1.1,-2.8600000000000003,-0.2285714285714286,-0.27,0.03570556640625
1313.0,1.1,-2.8600000000000003,-0.2285714285714286,-0.315,0.03631591796875
1212.0,1.1,-2.8600000000000003,-0.2285714285714286,-0.36,0.03662109375
1193.0,1.1,-2.8600000000000003,-0.2285714285714286,-0.40499999999999997,0.0360107421875
1452.0,1.1,-2.8600000000000003,-0.2857142857142857,0.0,0.03570556640625
1028.0,1.1,-2.8600000000000003,-0.2857142857142857,-0.045,0.03662109375
1042.0,1.1,-2.8600000000000003,-0.2857142857142857,-0.09,0.0360107421875
999.0,1.1,-2.8600000000000003,-0.2857142857142857,-0.135,0.03753662109375
1189.0,1.1,-2.8600000000000003,-0.2857142857142857,-0.18,0.03570556640625
660.0,1.1,-2.8600000000000003,-0.2857142857142857,-0.225,0.035400390625
1066.0,1.1,-2.8600000000000003,-0.2857142857142857,-0.27,0.03631591796875
748.0,1.1,-2.8600000000000003,-0.2857142857142857,-0.315,0.035400390625
843.0,1.1,-2.8600000000000003,-0.2857142857142857,-0.36,0.03662109375
900.0,1.1,-2.8600000000000003,-0.2857142857142857,-0.40499999999999997,0.035400390625
1002.0,1.1,-2.8600000000000003,-0.3428571428571429,0.0,0.035400390625
640.0,1.1,-2.8600000000000003,-0.3428571428571429,-0.045,0.035400390625
702.0,1.1,-2.8600000000000003,-0.3428571428571429,-0.09,0.03692626953125
785.0,1.1,-2.8600000000000003,-0.3428571428571429,-0.135,0.03662109375
669.0,1.1,-2.8600000000000003,-0.3428571428571429,-0.18,0.03570556640625
661.0,1.1,-2.8600000000000003,-0.3428571428571429,-0.225,0.03753662109375
1027.0,1.1,-2.8600000000000003,-0.3428571428571429,-0.27,0.03631591796875
847.0,1.1,-2.8600000000000003,-0.3428571428571429,-0.315,0.03631591796875
579.0,1.1,-2.8600000000000003,-0.3428571428571429,-0.36,0.035400390625
764.0,1.1,-2.8600000000000003,-0.3428571428571429,-0.40499999999999997,0.03662109375
707.0,1.1,-2.8600000000000003,-0.4,0.0,0.0360107421875
1018.0,1.1,-2.8600000000000003,-0.4,-0.045,0.035400390625
706.0,1.1,-2.8600000000000003,-0.4,-0.09,0.035400390625
706.0,1.1,-2.8600000000000003,-0.4,-0.135,0.03570556640625
620.0,1.1,-2.8600000000000003,-0.4,-0.18,0.03631591796875
828.0,1.1,-2.8600000000000003,-0.4,-0.225,0.03631591796875
439.0,1.1,-2.8600000000000003,-0.4,-0.27,0.0360107421875
535.0,1.1,-2.8600000000000003,-0.4,-0.315,0.0360107421875
494.0,1.1,-2.8600000000000003,-0.4,-0.36,0.0360107421875
536.0,1.1,-2.8600000000000003,-0.4,-0.40499999999999997,0.035400390625
461.0,1.1,-2.8600000000000003,-0.4571428571428572,0.0,0.03570556640625
394.0,1.1,-2.8600000000000003,-0.4571428571428572,-0.045,0.03570556640625
492.0,1.1,-2.8600000000000003,-0.4571428571428572,-0.09,0.03509521484375
448.0,1.1,-2.8600000000000003,-0.4571428571428572,-0.135,0.0347900390625
412.0,1.1,-2.8600000000000003,-0.4571428571428572,-0.18,0.03570556640625
538.0,1.1,-2.8600000000000003,-0.4571428571428572,-0.225,0.03570556640625
501.0,1.1,-2.8600000000000003,-0.4571428571428572,-0.27,0.03570556640625
516.0,1.1,-2.8600000000000003,-0.4571428571428572,-0.315,0.03509521484375
540.0,1.1,-2.8600000000000003,-0.4571428571428572,-0.36,0.0360107421875
447.0,1.1,-2.8600000000000003,-0.4571428571428572,-0.40499999999999997,0.0360107421875
475.0,1.1,-2.8600000000000003,-0.5142857142857143,0.0,0.0360107421875
412.0,1.1,-2.8600000000000003,-0.5142857142857143,-0.045,0.03692626953125
408.0,1.1,-2.8600000000000003,-0.5142857142857143,-0.09,0.03753662109375
481.0,1.1,-2.8600000000000003,-0.5142857142857143,-0.135,0.0347900390625
418.0,1.1,-2.8600000000000003,-0.5142857142857143,-0.18,0.03509521484375
605.0,1.1,-2.8600000000000003,-0.5142857142857143,-0.225,0.03692626953125
509.0,1.1,-2.8600000000000003,-0.5142857142857143,-0.27,0.0360107421875
450.0,1.1,-2.8600000000000003,-0.5142857142857143,-0.315,0.03631591796875
583.0,1.1,-2.8600000000000003,-0.5142857142857143,-0.36,0.03509521484375
320.0,1.1,-2.8600000000000003,-0.5142857142857143,-0.40499999999999997,0.035400390625
421.0,1.155,-2.8600000000000003,0.0,0.0,0.035400390625
320.0,1.155,-2.8600000000000003,0.0,-0.045,0.03570556640625
396.0,1.155,-2.8600000000000003,0.0,-0.09,0.03662109375
431.0,1.155,-2.8600000000000003,0.0,-0.135,0.03570556640625
527.0,1.155,-2.8600000000000003,0.0,-0.18,0.03570556640625
572.0,1.155,-2.8600000000000003,0.0,-0.225,0.03692626953125
677.0,1.155,-2.8600000000000003,0.0,-0.27,0.03509521484375
499.0,1.155,-2.8600000000000003,0.0,-0.315,0.035400390625
440.0,1.155,-2.8600000000000003,0.0,-0.36,0.03631591796875
526.0,1.155,-2.8600000000000003,0.0,-0.40499999999999997,0.03570556640625
709.0,1.155,-2.8600000000000003,-0.05714285714285715,0.0,0.03570556640625
649.0,1.155,-2.8600000000000003,-0.05714285714285715,-0.045,0.03753662109375
719.0,1.155,-2.8600000000000003,-0.05714285714285715,-0.09,0.03692626953125
739.0,1.155,-2.8600000000000003,-0.05714285714285715,-0.135,0.03631591796875
570.0,1.155,-2.8600000000000003,-0.05714285714285715,-0.18,0.0372314453125
642.0,1.155,-2.8600000000000003,-0.05714285714285715,-0.225,0.035400390625
554.0,1.155,-2.8600000000000003,-0.05714285714285715,-0.27,0.035400390625
448.0,1.155,-2.8600000000000003,-0.05714285714285715,-0.315,0.0360107421875
509.0,1.155,-2.8600000000000003,-0.05714285714285715,-0.36,0.03570556640625
778.0,1.155,-2.8600000000000003,-0.05714285714285715,-0.40499999999999997,0.0360107421875
454.0,1.155,-2.8600000000000003,-0.1142857142857143,0.0,0.0360107421875
691.0,1.155,-2.8600000000000003,-0.1142857142857143,-0.045,0.03570556640625
756.0,1.155,-2.8600000000000003,-0.1142857142857143,-0.09,0.03631591796875
515.0,1.155,-2.8600000000000003,-0.1142857142857143,-0.135,0.03509521484375
698.0,1.155,-2.8600000000000003,-0.1142857142857143,-0.18,0.035400390625
507.0,1.155,-2.8600000000000003,-0.1142857142857143,-0.225,0.035400390625
825.0,1.155,-2.8600000000000003,-0.1142857142857143,-0.27,0.03662109375
817.0,1.155,-2.8600000000000003,-0.1142857142857143,-0.315,0.03692626953125
900.0,1.155,-2.8600000000000003,-0.1142857142857143,-0.36,0.03753662109375
720.0,1.155,-2.8600000000000003,-0.1142857142857143,-0.40499999999999997,0.03631591796875
754.0,1.155,-2.8600000000000003,-0.17142857142857146,0.0,0.0360107421875
717.0,1.155,-2.8600000000000003,-0.17142857142857146,-0.045,0.03692626953125
593.0,1.155,-2.8600000000000003,-0.17142857142857146,-0.09,0.03692626953125
380.0,1.155,-2.8600000000000003,-0.17142857142857146,-0.135,0.0372314453125
819.0,1.155,-2.8600000000000003,-0.17142857142857146,-0.18,0.03448486328125
437.0,1.155,-2.8600000000000003,-0.17142857142857146,-0.225,0.03692626953125
766.0,1.155,-2.8600000000000003,-0.17142857142857146,-0.27,0.0360107421875
675.0,1.155,-2.8600000000000003,-0.17142857142857146,-0.315,0.03662109375
721.0,1.155,-2.8600000000000003,-0.17142857142857146,-0.36,0.03662109375
613.0,1.155,-2.8600000000000003,-0.17142857142857146,-0.40499999999999997,0.0360107421875
504.0,1.155,-2.8600000000000003,-0.2285714285714286,0.0,0.0347900390625
411.0,1.155,-2.8600000000000003,-0.2285714285714286,-0.045,0.0341796875
560.0,1.155,-2.8600000000000003,-0.2285714285714286,-0.09,0.03631591796875
512.0,1.155,-2.8600000000000003,-0.2285714285714286,-0.135,0.0360107421875
576.0,1.155,-2.8600000000000003,-0.2285714285714286,-0.18,0.0360107421875
927.0,1.155,-2.8600000000000003,-0.2285714285714286,-0.225,0.03631591796875
661.0,1.155,-2.8600000000000003,-0.2285714285714286,-0.27,0.03570556640625
680.0,1.155,-2.8600000000000003,-0.2285714285714286,-0.315,0.035400390625
766.0,1.155,-2.8600000000000003,-0.2285714285714286,-0.36,0.03631591796875
778.0,1.155,-2.8600000000000003,-0.2285714285714286,-0.40499999999999997,0.03509521484375
740.0,1.155,-2.8600000000000003,-0.2857142857142857,0.0,0.035400390625
1041.0,1.155,-2.8600000000000003,-0.2857142857142857,-0.045,0.035400390625
894.0,1.155,-2.8600000000000003,-0.2857142857142857,-0.09,0.035400390625
727.0,1.155,-2.8600000000000003,-0.2857142857142857,-0.135,0.0347900390625
837.0,1.155,-2.8600000000000003,-0.2857142857142857,-0.18,0.03753662109375
1013.0,1.155,-2.8600000000000003,-0.2857142857142857,-0.225,0.03509521484375
1185.0,1.155,-2.8600000000000003,-0.2857142857142857,-0.27,0.0360107421875
979.0,1.155,-2.8600000000000003,-0.2857142857142857,-0.315,0.0347900390625
942.0,1.155,-2.8600000000000003,-0.2857142857142857,-0.36,0.03448486328125
779.0,1.155,-2.8600000000000003,-0.2857142857142857,-0.40499999999999997,0.0360107421875
588.0,1.155,-2.8600000000000003,-0.3428571428571429,0.0,0.03662109375
709.0,1.155,-2.8600000000000003,-0.3428571428571429,-0.045,0.0372314453125
970.0,1.155,-2.8600000000000003,-0.3428571428571429,-0.09,0.03631591796875
914.0,1.155,-2.8600000000000003,-0.3428571428571429,-0.135,0.03631591796875
796.0,1.155,-2.8600000000000003,-0.3428571428571429,-0.18,0.0360107421875
685.0,1.155,-2.8600000000000003,-0.3428571428571429,-0.225,0.035400390625
532.0,1.155,-2.8600000000000003,-0.3428571428571429,-0.27,0.03570556640625
806.0,1.155,-2.8600000000000003,-0.3428571428571429,-0.315,0.03662109375
682.0,1.155,-2.8600000000000003,-0.3428571428571429,-0.36,0.03631591796875
822.0,1.155,-2.8600000000000003,-0.3428571428571429,-0.40499999999999997,0.03662109375
563.0,1.155,-2.8600000000000003,-0.4,0.0,0.03631591796875
684.0,1.155,-2.8600000000000003,-0.4,-0.045,0.035400390625
729.0,1.155,-2.8600000000000003,-0.4,-0.09,0.03631591796875
785.0,1.155,-2.8600000000000003,-0.4,-0.135,0.03631591796875
931.0,1.155,-2.8600000000000003,-0.4,-0.18,0.03570556640625
621.0,1.155,-2.8600000000000003,-0.4,-0.225,0.03570556640625
824.0,1.155,-2.8600000000000003,-0.4,-0.27,0.03631591796875
911.0,1.155,-2.8600000000000003,-0.4,-0.315,0.03662109375
946.0,1.155,-2.8600000000000003,-0.4,-0.36,0.0341796875
1032.0,1.155,-2.8600000000000003,-0.4,-0.40499999999999997,0.03570556640625
693.0,1.155,-2.8600000000000003,-0.4571428571428572,0.0,0.0347900390625
847.0,1.155,-2.8600000000000003,-0.4571428571428572,-0.045,0.03631591796875
718.0,1.155,-2.8600000000000003,-0.4571428571428572,-0.09,0.0360107421875
712.0,1.155,-2.8600000000000003,-0.4571428571428572,-0.135,0.035400390625
1159.0,1.155,-2.8600000000000003,-0.4571428571428572,-0.18,0.03570556640625
910.0,1.155,-2.8600000000000003,-0.4571428571428572,-0.225,0.035400390625
828.0,1.155,-2.8600000000000003,-0.4571428571428572,-0.27,0.0360107421875
850.0,1.155,-2.8600000000000003,-0.4571428571428572,-0.315,0.03662109375
727.0,1.155,-2.8600000000000003,-0.4571428571428572,-0.36,0.0360107421875
828.0,1.155,-2.8600000000000003,-0.4571428571428572,-0.40499999999999997,0.03662109375
805.0,1.155,-2.8600000000000003,-0.5142857142857143,0.0,0.0347900390625
767.0,1.155,-2.8600000000000003,-0.5142857142857143,-0.045,0.03631591796875
679.0,1.155,-2.8600000000000003,-0.5142857142857143,-0.09,0.035400390625
669.0,1.155,-2.8600000000000003,-0.5142857142857143,-0.135,0.03631591796875
694.0,1.155,-2.8600000000000003,-0.5142857142857143,-0.18,0.03692626953125
605.0,1.155,-2.8600000000000003,-0.5142857142857143,-0.225,0.0360107421875
586.0,1.155,-2.8600000000000003,-0.5142857142857143,-0.27,0.0360107421875
929.0,1.155,-2.8600000000000003,-0.5142857142857143,-0.315,0.0360107421875
762.0,1.155,-2.8600000000000003,-0.5142857142857143,-0.36,0.035400390625
696.0,1.155,-2.8600000000000003,-0.5142857142857143,-0.40499999999999997,0.035400390625
746.0,0.9900000000000001,-2.73,0.0,0.0,0.03570556640625
675.0,0.9900000000000001,-2.73,0.0,-0.045,0.03570556640625
771.0,0.9900000000000001,-2.73,0.0,-0.09,0.03631591796875
768.0,0.9900000000000001,-2.73,0.0,-0.135,0.035400390625
737.0,0.9900000000000001,-2.73,0.0,-0.18,0.0360107421875
610.0,0.9900000000000001,-2.73,0.0,-0.225,0.03631591796875
579.0,0.9900000000000001,-2.73,0.0,-0.27,0.03631591796875
691.0,0.9900000000000001,-2.73,0.0,-0.315,0.03570556640625
756.0,0.9900000000000001,-2.73,0.0,-0.36,0.03692626953125
689.0,0.9900000000000001,-2.73,0.0,-0.40499999999999997,0.03692626953125
491.0,0.9900000000000001,-2.73,-0.05714285714285715,0.0,0.035400390625
522.0,0.9900000000000001,-2.73,-0.05714285714285715,-0.045,0.0360107421875
576.0,0.9900000000000001,-2.73,-0.05714285714285715,-0.09,0.03692626953125
508.0,0.9900000000000001,-2.73,-0.05714285714285715,-0.135,0.03631591796875
463.0,0.9900000000000001,-2.73,-0.05714285714285715,-0.18,0.035400390625
442.0,0.9900000000000001,-2.73,-0.05714285714285715,-0.225,0.03692626953125
514.0,0.9900000000000001,-2.73,-0.05714285714285715,-0.27,0.03570556640625
549.0,0.9900000000000001,-2.73,-0.05714285714285715,-0.315,0.03570556640625
702.0,0.9900000000000001,-2.73,-0.05714285714285715,-0.36,0.0347900390625
577.0,0.9900000000000001,-2.73,-0.05714285714285715,-0.40499999999999997,0.0347900390625
669.0,0.9900000000000001,-2.73,-0.1142857142857143,0.0,0.03570556640625
605.0,0.9900000000000001,-2.73,-0.1142857142857143,-0.045,0.03692626953125
478.0,0.9900000000000001,-2.73,-0.1142857142857143,-0.09,0.0360107421875
633.0,0.9900000000000001,-2.73,-0.1142857142857143,-0.135,0.0360107421875
494.0,0.9900000000000001,-2.73,-0.1142857142857143,-0.18,0.03570556640625
565.0,0.9900000000000001,-2.73,-0.1142857142857143,-0.225,0.0360107421875
622.0,0.9900000000000001,-2.73,-0.1142857142857143,-0.27,0.03692626953125
599.0,0.9900000000000001,-2.73,-0.1142857142857143,-0.315,0.03570556640625
1075.0,0.9900000000000001,-2.73,-0.1142857142857143,-0.36,0.03509521484375
1195.0,0.9900000000000001,-2.73,-0.1142857142857143,-0.40499999999999997,0.0360107421875
943.0,0.9900000000000001,-2.73,-0.17142857142857146,0.0,0.0360107421875
1064.0,0.9900000000000001,-2.73,-0.17142857142857146,-0.045,0.03570556640625
1063.0,0.9900000000000001,-2.73,-0.17142857142857146,-0.09,0.0360107421875
982.0,0.9900000000000001,-2.73,-0.17142857142857146,-0.135,0.0347900390625
888.0,0.9900000000000001,-2.73,-0.17142857142857146,-0.18,0.035400390625
1175.0,0.9900000000000001,-2.73,-0.17142857142857146,-0.225,0.0360107421875
1436.0,0.9900000000000001,-2.73,-0.17142857142857146,-0.27,0.03570556640625
1149.0,0.9900000000000001,-2.73,-0.17142857142857146,-0.315,0.0360107421875
1147.0,0.9900000000000001,-2.73,-0.17142857142857146,-0.36,0.03692626953125
1108.0,0.9900000000000001,-2.73,-0.17142857142857146,-0.40499999999999997,0.03753662109375
1055.0,0.9900000000000001,-2.73,-0.2285714285714286,0.0,0.03662109375
1054.0,0.9900000000000001,-2.73,-0.2285714285714286,-0.045,0.03570556640625
848.0,0.9900000000000001,-2.73,-0.2285714285714286,-0.09,0.0341796875
819.0,0.9900000000000001,-2.73,-0.2285714285714286,-0.135,0.035400390625
1100.0,0.9900000000000001,-2.73,-0.2285714285714286,-0.18,0.03631591796875
766.0,0.9900000000000001,-2.73,-0.2285714285714286,-0.225,0.03509521484375
753.0,0.9900000000000001,-2.73,-0.2285714285714286,-0.27,0.0347900390625
1132.0,0.9900000000000001,-2.73,-0.2285714285714286,-0.315,0.035400390625
952.0,0.9900000000000001,-2.73,-0.2285714285714286,-0.36,0.03570556640625
689.0,0.9900000000000001,-2.73,-0.2285714285714286,-0.40499999999999997,0.035400390625
868.0,0.9900000000000001,-2.73,-0.2857142857142857,0.0,0.0360107421875
665.0,0.9900000000000001,-2.73,-0.2857142857142857,-0.045,0.03631591796875
697.0,0.9900000000000001,-2.73,-0.2857142857142857,-0.09,0.0360107421875
1038.0,0.9900000000000001,-2.73,-0.2857142857142857,-0.135,0.03631591796875
577.0,0.9900000000000001,-2.73,-0.2857142857142857,-0.18,0.03662109375
870.0,0.9900000000000001,-2.73,-0.2857142857142857,-0.225,0.03509521484375
625.0,0.9900000000000001,-2.73,-0.2857142857142857,-0.27,0.03662109375
606.0,0.9900000000000001,-2.73,-0.2857142857142857,-0.315,0.03509521484375
730.0,0.9900000000000001,-2.73,-0.2857142857142857,-0.36,0.0360107421875
795.0,0.9900000000000001,-2.73,-0.2857142857142857,-0.40499999999999997,0.035400390625
837.0,0.9900000000000001,-2.73,-0.3428571428571429,0.0,0.03570556640625
821.0,0.9900000000000001,-2.73,-0.3428571428571429,-0.045,0.03631591796875
719.0,0.9900000000000001,-2.73,-0.3428571428571429,-0.09,0.03631591796875
968.0,0.9900000000000001,-2.73,-0.3428571428571429,-0.135,0.03448486328125
878.0,0.9900000000000001,-2.73,-0.3428571428571429,-0.18,0.0347900390625
952.0,0.9900000000000001,-2.73,-0.3428571428571429,-0.225,0.0360107421875
906.0,0.9900000000000001,-2.73,-0.3428571428571429,-0.27,0.035400390625
922.0,0.9900000000000001,-2.73,-0.3428571428571429,-0.315,0.03631591796875
912.0,0.9900000000000001,-2.73,-0.3428571428571429,-0.36,0.03631591796875
780.0,0.9900000000000001,-2.73,-0.3428571428571429,-0.40499999999999997,0.03631591796875
754.0,0.9900000000000001,-2.73,-0.4,0.0,0.03631591796875
914.0,0.9900000000000001,-2.73,-0.4,-0.045,0.03509521484375
837.0,0.9900000000000001,-2.73,-0.4,-0.09,0.0360107421875
964.0,0.9900000000000001,-2.73,-0.4,-0.135,0.0360107421875
817.0,0.9900000000000001,-2.73,-0.4,-0.18,0.03448486328125
784.0,0.9900000000000001,-2.73,-0.4,-0.225,0.035400390625
807.0,0.9900000000000001,-2.73,-0.4,-0.27,0.0360107421875
830.0,0.9900000000000001,-2.73,-0.4,-0.315,0.0360107421875
826.0,0.9900000000000001,-2.73,-0.4,-0.36,0.03631591796875
906.0,0.9900000000000001,-2.73,-0.4,-0.40499999999999997,0.035400390625
831.0,0.9900000000000001,-2.73,-0.4571428571428572,0.0,0.03570556640625
727.0,0.9900000000000001,-2.73,-0.4571428571428572,-0.045,0.035400390625
708.0,0.9900000000000001,-2.73,-0.4571428571428572,-0.09,0.03662109375
928.0,0.9900000000000001,-2.73,-0.4571428571428572,-0.135,0.035400390625
1011.0,0.9900000000000001,-2.73,-0.4571428571428572,-0.18,0.03692626953125
819.0,0.9900000000000001,-2.73,-0.4571428571428572,-0.225,0.03662109375
940.0,0.9900000000000001,-2.73,-0.4571428571428572,-0.27,0.035400390625
804.0,0.9900000000000001,-2.73,-0.4571428571428572,-0.315,0.0372314453125
585.0,0.9900000000000001,-2.73,-0.4571428571428572,-0.36,0.0360107421875
811.0,0.9900000000000001,-2.73,-0.4571428571428572,-0.40499999999999997,0.0360107421875
898.0,0.9900000000000001,-2.73,-0.5142857142857143,0.0,0.03631591796875
710.0,0.9900000000000001,-2.73,-0.5142857142857143,-0.045,0.03631591796875
664.0,0.9900000000000001,-2.73,-0.5142857142857143,-0.09,0.035400390625
611.0,0.9900000000000001,-2.73,-0.5142857142857143,-0.135,0.035400390625
799.0,0.9900000000000001,-2.73,-0.5142857142857143,-0.18,0.035400390625
708.0,0.9900000000000001,-2.73,-0.5142857142857143,-0.225,0.0360107421875
800.0,0.9900000000000001,-2.73,-0.5142857142857143,-0.27,0.03509521484375
823.0,0.9900000000000001,-2.73,-0.5142857142857143,-0.315,0.0347900390625
793.0,0.9900000000000001,-2.73,-0.5142857142857143,-0.36,0.03662109375
671.0,0.9900000000000001,-2.73,-0.5142857142857143,-0.40499999999999997,0.0360107421875
892.0,1.0450000000000002,-2.73,0.0,0.0,0.0360107421875
708.0,1.0450000000000002,-2.73,0.0,-0.045,0.03631591796875
498.0,1.0450000000000002,-2.73,0.0,-0.09,0.03692626953125
545.0,1.0450000000000002,-2.73,0.0,-0.135,0.0360107421875
499.0,1.0450000000000002,-2.73,0.0,-0.18,0.03692626953125
473.0,1.0450000000000002,-2.73,0.0,-0.225,0.035400390625
486.0,1.0450000000000002,-2.73,0.0,-0.27,0.0360107421875
560.0,1.0450000000000002,-2.73,0.0,-0.315,0.03692626953125
484.0,1.0450000000000002,-2.73,0.0,-0.36,0.03631591796875
456.0,1.0450000000000002,-2.73,0.0,-0.40499999999999997,0.03662109375
522.0,1.0450000000000002,-2.73,-0.05714285714285715,0.0,0.03570556640625
660.0,1.0450000000000002,-2.73,-0.05714285714285715,-0.045,0.0372314453125
502.0,1.0450000000000002,-2.73,-0.05714285714285715,-0.09,0.035400390625
541.0,1.0450000000000002,-2.73,-0.05714285714285715,-0.135,0.0360107421875
481.0,1.0450000000000002,-2.73,-0.05714285714285715,-0.18,0.0360107421875
695.0,1.0450000000000002,-2.73,-0.05714285714285715,-0.225,0.03692626953125
698.0,1.0450000000000002,-2.73,-0.05714285714285715,-0.27,0.035400390625
950.0,1.0450000000000002,-2.73,-0.05714285714285715,-0.315,0.0360107421875
521.0,1.0450000000000002,-2.73,-0.05714285714285715,-0.36,0.03662109375
517.0,1.0450000000000002,-2.73,-0.05714285714285715,-0.40499999999999997,0.03570556640625
613.0,1.0450000000000002,-2.73,-0.1142857142857143,0.0,0.03692626953125
622.0,1.0450000000000002,-2.73,-0.1142857142857143,-0.045,0.035400390625
593.0,1.0450000000000002,-2.73,-0.1142857142857143,-0.09,0.0347900390625
730.0,1.0450000000000002,-2.73,-0.1142857142857143,-0.135,0.0360107421875
440.0,1.0450000000000002,-2.73,-0.1142857142857143,-0.18,0.03570556640625
705.0,1.0450000000000002,-2.73,-0.1142857142857143,-0.225,0.03631591796875
563.0,1.0450000000000002,-2.73,-0.1142857142857143,-0.27,0.03692626953125
669.0,1.0450000000000002,-2.73,-0.1142857142857143,-0.315,0.03753662109375
633.0,1.0450000000000002,-2.73,-0.1142857142857143,-0.36,0.0360107421875
565.0,1.0450000000000002,-2.73,-0.1142857142857143,-0.40499999999999997,0.0360107421875
521.0,1.0450000000000002,-2.73,-0.17142857142857146,0.0,0.03631591796875
674.0,1.0450000000000002,-2.73,-0.17142857142857146,-0.045,0.0347900390625
739.0,1.0450000000000002,-2.73,-0.17142857142857146,-0.09,0.03570556640625
980.0,1.0450000000000002,-2.73,-0.17142857142857146,-0.135,0.035400390625
1091.0,1.0450000000000002,-2.73,-0.17142857142857146,-0.18,0.03692626953125
581.0,1.0450000000000002,-2.73,-0.17142857142857146,-0.225,0.035400390625
683.0,1.0450000000000002,-2.73,-0.17142857142857146,-0.27,0.03570556640625
587.0,1.0450000000000002,-2.73,-0.17142857142857146,-0.315,0.03570556640625
537.0,1.0450000000000002,-2.73,-0.17142857142857146,-0.36,0.035400390625
590.0,1.0450000000000002,-2.73,-0.17142857142857146,-0.40499999999999997,0.0372314453125
616.0,1.0450000000000002,-2.73,-0.2285714285714286,0.0,0.03570556640625
658.0,1.0450000000000002,-2.73,-0.2285714285714286,-0.045,0.035400390625
823.0,1.0450000000000002,-2.73,-0.2285714285714286,-0.09,0.03570556640625
529.0,1.0450000000000002,-2.73,-0.2285714285714286,-0.135,0.035400390625
611.0,1.0450000000000002,-2.73,-0.2285714285714286,-0.18,0.035400390625
640.0,1.0450000000000002,-2.73,-0.2285714285714286,-0.225,0.035400390625
667.0,1.0450000000000002,-2.73,-0.2285714285714286,-0.27,0.0360107421875
711.0,1.0450000000000002,-2.73,-0.2285714285714286,-0.315,0.03692626953125
706.0,1.0450000000000002,-2.73,-0.2285714285714286,-0.36,0.035400390625
733.0,1.0450000000000002,-2.73,-0.2285714285714286,-0.40499999999999997,0.03692626953125
574.0,1.0450000000000002,-2.73,-0.2857142857142857,0.0,0.03631591796875
641.0,1.0450000000000002,-2.73,-0.2857142857142857,-0.045,0.03662109375
565.0,1.0450000000000002,-2.73,-0.2857142857142857,-0.09,0.0360107421875
568.0,1.0450000000000002,-2.73,-0.2857142857142857,-0.135,0.03692626953125
482.0,1.0450000000000002,-2.73,-0.2857142857142857,-0.18,0.03570556640625
649.0,1.0450000000000002,-2.73,-0.2857142857142857,-0.225,0.03631591796875
541.0,1.0450000000000002,-2.73,-0.2857142857142857,-0.27,0.035400390625
583.0,1.0450000000000002,-2.73,-0.2857142857142857,-0.315,0.0347900390625
578.0,1.0450000000000002,-2.73,-0.2857142857142857,-0.36,0.0360107421875
537.0,1.0450000000000002,-2.73,-0.2857142857142857,-0.40499999999999997,0.0360107421875
483.0,1.0450000000000002,-2.73,-0.3428571428571429,0.0,0.035400390625
644.0,1.0450000000000002,-2.73,-0.3428571428571429,-0.045,0.03509521484375
615.0,1.0450000000000002,-2.73,-0.3428571428571429,-0.09,0.03570556640625
539.0,1.0450000000000002,-2.73,-0.3428571428571429,-0.135,0.035400390625
579.0,1.0450000000000002,-2.73,-0.3428571428571429,-0.18,0.03631591796875
529.0,1.0450000000000002,-2.73,-0.3428571428571429,-0.225,0.0360107421875
697.0,1.0450000000000002,-2.73,-0.3428571428571429,-0.27,0.0360107421875
569.0,1.0450000000000002,-2.73,-0.3428571428571429,-0.315,0.0360107421875
593.0,1.0450000000000002,-2.73,-0.3428571428571429,-0.36,0.03509521484375
667.0,1.0450000000000002,-2.73,-0.3428571428571429,-0.40499999999999997,0.035400390625
527.0,1.0450000000000002,-2.73,-0.4,0.0,0.03662109375
631.0,1.0450000000000002,-2.73,-0.4,-0.045,0.0341796875
566.0,1.0450000000000002,-2.73,-0.4,-0.09,0.03692626953125
593.0,1.0450000000000002,-2.73,-0.4,-0.135,0.035400390625
616.0,1.0450000000000002,-2.73,-0.4,-0.18,0.03509521484375
698.0,1.0450000000000002,-2.73,-0.4,-0.225,0.03631591796875
699.0,1.0450000000000002,-2.73,-0.4,-0.27,0.035400390625
917.0,1.0450000000000002,-2.73,-0.4,-0.315,0.03570556640625
929.0,1.0450000000000002,-2.73,-0.4,-0.36,0.03692626953125
773.0,1.0450000000000002,-2.73,-0.4,-0.40499999999999997,0.035400390625
543.0,1.0450000000000002,-2.73,-0.4571428571428572,0.0,0.0360107421875
715.0,1.0450000000000002,-2.73,-0.4571428571428572,-0.045,0.03662109375
907.0,1.0450000000000002,-2.73,-0.4571428571428572,-0.09,0.03631591796875
526.0,1.0450000000000002,-2.73,-0.4571428571428572,-0.135,0.03662109375
567.0,1.0450000000000002,-2.73,-0.4571428571428572,-0.18,0.0347900390625
605.0,1.0450000000000002,-2.73,-0.4571428571428572,-0.225,0.03631591796875
798.0,1.0450000000000002,-2.73,-0.4571428571428572,-0.27,0.03570556640625
662.0,1.0450000000000002,-2.73,-0.4571428571428572,-0.315,0.03509521484375
746.0,1.0450000000000002,-2.73,-0.4571428571428572,-0.36,0.03753662109375
616.0,1.0450000000000002,-2.73,-0.4571428571428572,-0.40499999999999997,0.03570556640625
894.0,1.0450000000000002,-2.73,-0.5142857142857143,0.0,0.03662109375
703.0,1.0450000000000002,-2.73,-0.5142857142857143,-0.045,0.03570556640625
658.0,1.0450000000000002,-2.73,-0.5142857142857143,-0.09,0.03570556640625
764.0,1.0450000000000002,-2.73,-0.5142857142857143,-0.135,0.0360107421875
995.0,1.0450000000000002,-2.73,-0.5142857142857143,-0.18,0.03570556640625
807.0,1.0450000000000002,-2.73,-0.5142857142857143,-0.225,0.0347900390625
858.0,1.0450000000000002,-2.73,-0.5142857142857143,-0.27,0.035400390625
727.0,1.0450000000000002,-2.73,-0.5142857142857143,-0.315,0.0360107421875
744.0,1.0450000000000002,-2.73,-0.5142857142857143,-0.36,0.03570556640625
644.0,1.0450000000000002,-2.73,-0.5142857142857143,-0.40499999999999997,0.035400390625
979.0,1.1,-2.73,0.0,0.0,0.0360107421875
652.0,1.1,-2.73,0.0,-0.045,0.0360107421875
953.0,1.1,-2.73,0.0,-0.09,0.03509521484375
823.0,1.1,-2.73,0.0,-0.135,0.03570556640625
806.0,1.1,-2.73,0.0,-0.18,0.035400390625
835.0,1.1,-2.73,0.0,-0.225,0.0360107421875
773.0,1.1,-2.73,0.0,-0.27,0.0360107421875
977.0,1.1,-2.73,0.0,-0.315,0.03692626953125
967.0,1.1,-2.73,0.0,-0.36,0.0341796875
1273.0,1.1,-2.73,0.0,-0.40499999999999997,0.03570556640625
894.0,1.1,-2.73,-0.05714285714285715,0.0,0.03753662109375
920.0,1.1,-2.73,-0.05714285714285715,-0.045,0.0360107421875
709.0,1.1,-2.73,-0.05714285714285715,-0.09,0.035400390625
898.0,1.1,-2.73,-0.05714285714285715,-0.135,0.0372314453125
951.0,1.1,-2.73,-0.05714285714285715,-0.18,0.03509521484375
912.0,1.1,-2.73,-0.05714285714285715,-0.225,0.03570556640625
555.0,1.1,-2.73,-0.05714285714285715,-0.27,0.03631591796875
1184.0,1.1,-2.73,-0.05714285714285715,-0.315,0.0360107421875
622.0,1.1,-2.73,-0.05714285714285715,-0.36,0.03570556640625
950.0,1.1,-2.73,-0.05714285714285715,-0.40499999999999997,0.03753662109375
853.0,1.1,-2.73,-0.1142857142857143,0.0,0.035400390625
936.0,1.1,-2.73,-0.1142857142857143,-0.045,0.03631591796875
683.0,1.1,-2.73,-0.1142857142857143,-0.09,0.0347900390625
955.0,1.1,-2.73,-0.1142857142857143,-0.135,0.0347900390625
894.0,1.1,-2.73,-0.1142857142857143,-0.18,0.0372314453125
1122.0,1.1,-2.73,-0.1142857142857143,-0.225,0.035400390625
738.0,1.1,-2.73,-0.1142857142857143,-0.27,0.03662109375
938.0,1.1,-2.73,-0.1142857142857143,-0.315,0.0360107421875
968.0,1.1,-2.73,-0.1142857142857143,-0.36,0.03570556640625
623.0,1.1,-2.73,-0.1142857142857143,-0.40499999999999997,0.035400390625
1026.0,1.1,-2.73,-0.17142857142857146,0.0,0.035400390625
909.0,1.1,-2.73,-0.17142857142857146,-0.045,0.0360107421875
981.0,1.1,-2.73,-0.17142857142857146,-0.09,0.035400390625
932.0,1.1,-2.73,-0.17142857142857146,-0.135,0.035400390625
933.0,1.1,-2.73,-0.17142857142857146,-0.18,0.03631591796875
784.0,1.1,-2.73,-0.17142857142857146,-0.225,0.03631591796875
1175.0,1.1,-2.73,-0.17142857142857146,-0.27,0.0360107421875
860.0,1.1,-2.73,-0.17142857142857146,-0.315,0.03570556640625
799.0,1.1,-2.73,-0.17142857142857146,-0.36,0.0347900390625
1021.0,1.1,-2.73,-0.17142857142857146,-0.40499999999999997,0.035400390625
1042.0,1.1,-2.73,-0.2285714285714286,0.0,0.03570556640625
1020.0,1.1,-2.73,-0.2285714285714286,-0.045,0.0360107421875
1034.0,1.1,-2.73,-0.2285714285714286,-0.09,0.035400390625
836.0,1.1,-2.73,-0.2285714285714286,-0.135,0.035400390625
1318.0,1.1,-2.73,-0.2285714285714286,-0.18,0.03631591796875
1285.0,1.1,-2.73,-0.2285714285714286,-0.225,0.03814697265625
1358.0,1.1,-2.73,-0.2285714285714286,-0.27,0.03509521484375
944.0,1.1,-2.73,-0.2285714285714286,-0.315,0.03753662109375
1044.0,1.1,-2.73,-0.2285714285714286,-0.36,0.03570556640625
1005.0,1.1,-2.73,-0.2285714285714286,-0.40499999999999997,0.0360107421875
1321.0,1.1,-2.73,-0.2857142857142857,0.0,0.035400390625
1187.0,1.1,-2.73,-0.2857142857142857,-0.045,0.035400390625
1403.0,1.1,-2.73,-0.2857142857142857,-0.09,0.0372314453125
1039.0,1.1,-2.73,-0.2857142857142857,-0.135,0.0360107421875
1365.0,1.1,-2.73,-0.2857142857142857,-0.18,0.03631591796875
1660.0,1.1,-2.73,-0.2857142857142857,-0.225,0.03631591796875
1348.0,1.1,-2.73,-0.2857142857142857,-0.27,0.03662109375
1128.0,1.1,-2.73,-0.2857142857142857,-0.315,0.035400390625
1762.0,1.1,-2.73,-0.2857142857142857,-0.36,0.0360107421875
1176.0,1.1,-2.73,-0.2857142857142857,-0.40499999999999997,0.0360107421875
1013.0,1.1,-2.73,-0.3428571428571429,0.0,0.03570556640625
1673.0,1.1,-2.73,-0.3428571428571429,-0.045,0.035400390625
1414.0,1.1,-2.73,-0.3428571428571429,-0.09,0.03570556640625
1049.0,1.1,-2.73,-0.3428571428571429,-0.135,0.03631591796875
1201.0,1.1,-2.73,-0.3428571428571429,-0.18,0.0360107421875
1582.0,1.1,-2.73,-0.3428571428571429,-0.225,0.0360107421875
1169.0,1.1,-2.73,-0.3428571428571429,-0.27,0.03662109375
1279.0,1.1,-2.73,-0.3428571428571429,-0.315,0.03570556640625
1255.0,1.1,-2.73,-0.3428571428571429,-0.36,0.0360107421875
1080.0,1.1,-2.73,-0.3428571428571429,-0.40499999999999997,0.03662109375
1018.0,1.1,-2.73,-0.4,0.0,0.03631591796875
1152.0,1.1,-2.73,-0.4,-0.045,0.03662109375
904.0,1.1,-2.73,-0.4,-0.09,0.03570556640625
813.0,1.1,-2.73,-0.4,-0.135,0.0360107421875
1029.0,1.1,-2.73,-0.4,-0.18,0.03692626953125
1054.0,1.1,-2.73,-0.4,-0.225,0.035400390625
843.0,1.1,-2.73,-0.4,-0.27,0.03509521484375
851.0,1.1,-2.73,-0.4,-0.315,0.035400390625
1134.0,1.1,-2.73,-0.4,-0.36,0.03570556640625
1405.0,1.1,-2.73,-0.4,-0.40499999999999997,0.0360107421875
1112.0,1.1,-2.73,-0.4571428571428572,0.0,0.03692626953125
1359.0,1.1,-2.73,-0.4571428571428572,-0.045,0.035400390625
1160.0,1.1,-2.73,-0.4571428571428572,-0.09,0.03570556640625
655.0,1.1,-2.73,-0.4571428571428572,-0.135,0.0372314453125
935.0,1.1,-2.73,-0.4571428571428572,-0.18,0.03570556640625
866.0,1.1,-2.73,-0.4571428571428572,-0.225,0.03509521484375
994.0,1.1,-2.73,-0.4571428571428572,-0.27,0.0360107421875
880.0,1.1,-2.73,-0.4571428571428572,-0.315,0.03692626953125
1242.0,1.1,-2.73,-0.4571428571428572,-0.36,0.03570556640625
857.0,1.1,-2.73,-0.4571428571428572,-0.40499999999999997,0.03570556640625
739.0,1.1,-2.73,-0.5142857142857143,0.0,0.035400390625
881.0,1.1,-2.73,-0.5142857142857143,-0.045,0.03631591796875
694.0,1.1,-2.73,-0.5142857142857143,-0.09,0.03631591796875
900.0,1.1,-2.73,-0.5142857142857143,-0.135,0.03631591796875
699.0,1.1,-2.73,-0.5142857142857143,-0.18,0.0360107421875
720.0,1.1,-2.73,-0.5142857142857143,-0.225,0.03570556640625
876.0,1.1,-2.73,-0.5142857142857143,-0.27,0.03662109375
818.0,1.1,-2.73,-0.5142857142857143,-0.315,0.03570556640625
684.0,1.1,-2.73,-0.5142857142857143,-0.36,0.0360107421875
576.0,1.1,-2.73,-0.5142857142857143,-0.40499999999999997,0.03631591796875
574.0,1.155,-2.73,0.0,0.0,0.03662109375
527.0,1.155,-2.73,0.0,-0.045,0.035400390625
666.0,1.155,-2.73,0.0,-0.09,0.035400390625
792.0,1.155,-2.73,0.0,-0.135,0.03631591796875
865.0,1.155,-2.73,0.0,-0.18,0.03662109375
646.0,1.155,-2.73,0.0,-0.225,0.03509521484375
530.0,1.155,-2.73,0.0,-0.27,0.0372314453125
809.0,1.155,-2.73,0.0,-0.315,0.03570556640625
616.0,1.155,-2.73,0.0,-0.36,0.035400390625
787.0,1.155,-2.73,0.0,-0.40499999999999997,0.03662109375
610.0,1.155,-2.73,-0.05714285714285715,0.0,0.0360107421875
656.0,1.155,-2.73,-0.05714285714285715,-0.045,0.03631591796875
790.0,1.155,-2.73,-0.05714285714285715,-0.09,0.03631591796875
675.0,1.155,-2.73,-0.05714285714285715,-0.135,0.03631591796875
933.0,1.155,-2.73,-0.05714285714285715,-0.18,0.03570556640625
755.0,1.155,-2.73,-0.05714285714285715,-0.225,0.03570556640625
792.0,1.155,-2.73,-0.05714285714285715,-0.27,0.0360107421875
707.0,1.155,-2.73,-0.05714285714285715,-0.315,0.03570556640625
724.0,1.155,-2.73,-0.05714285714285715,-0.36,0.03509521484375
964.0,1.155,-2.73,-0.05714285714285715,-0.40499999999999997,0.03662109375
924.0,1.155,-2.73,-0.1142857142857143,0.0,0.03570556640625
990.0,1.155,-2.73,-0.1142857142857143,-0.045,0.0360107421875
777.0,1.155,-2.73,-0.1142857142857143,-0.09,0.03662109375
917.0,1.155,-2.73,-0.1142857142857143,-0.135,0.03570556640625
1051.0,1.155,-2.73,-0.1142857142857143,-0.18,0.03570556640625
798.0,1.155,-2.73,-0.1142857142857143,-0.225,0.0360107421875
805.0,1.155,-2.73,-0.1142857142857143,-0.27,0.03662109375
755.0,1.155,-2.73,-0.1142857142857143,-0.315,0.035400390625
775.0,1.155,-2.73,-0.1142857142857143,-0.36,0.035400390625
841.0,1.155,-2.73,-0.1142857142857143,-0.40499999999999997,0.03509521484375
727.0,1.155,-2.73,-0.17142857142857146,0.0,0.035400390625
807.0,1.155,-2.73,-0.17142857142857146,-0.045,0.0360107421875
921.0,1.155,-2.73,-0.17142857142857146,-0.09,0.03570556640625
1039.0,1.155,-2.73,-0.17142857142857146,-0.135,0.035400390625
1144.0,1.155,-2.73,-0.17142857142857146,-0.18,0.03692626953125
1158.0,1.155,-2.73,-0.17142857142857146,-0.225,0.03631591796875
1084.0,1.155,-2.73,-0.17142857142857146,-0.27,0.035400390625
640.0,1.155,-2.73,-0.17142857142857146,-0.315,0.0347900390625
917.0,1.155,-2.73,-0.17142857142857146,-0.36,0.03662109375
762.0,1.155,-2.73,-0.17142857142857146,-0.40499999999999997,0.03753662109375
778.0,1.155,-2.73,-0.2285714285714286,0.0,0.03631591796875
899.0,1.155,-2.73,-0.2285714285714286,-0.045,0.03692626953125
809.0,1.155,-2.73,-0.2285714285714286,-0.09,0.03662109375
1060.0,1.155,-2.73,-0.2285714285714286,-0.135,0.03692626953125
767.0,1.155,-2.73,-0.2285714285714286,-0.18,0.03753662109375
1045.0,1.155,-2.73,-0.2285714285714286,-0.225,0.03570556640625
1080.0,1.155,-2.73,-0.2285714285714286,-0.27,0.03631591796875
1004.0,1.155,-2.73,-0.2285714285714286,-0.315,0.03570556640625
1051.0,1.155,-2.73,-0.2285714285714286,-0.36,0.03570556640625
823.0,1.155,-2.73,-0.2285714285714286,-0.40499999999999997,0.03753662109375
917.0,1.155,-2.73,-0.2857142857142857,0.0,0.03662109375
967.0,1.155,-2.73,-0.2857142857142857,-0.045,0.03662109375
695.0,1.155,-2.73,-0.2857142857142857,-0.09,0.03570556640625
1090.0,1.155,-2.73,-0.2857142857142857,-0.135,0.03662109375
1065.0,1.155,-2.73,-0.2857142857142857,-0.18,0.03631591796875
1222.0,1.155,-2.73,-0.2857142857142857,-0.225,0.03631591796875
1103.0,1.155,-2.73,-0.2857142857142857,-0.27,0.0360107421875
772.0,1.155,-2.73,-0.2857142857142857,-0.315,0.035400390625
1035.0,1.155,-2.73,-0.2857142857142857,-0.36,0.0360107421875
1056.0,1.155,-2.73,-0.2857142857142857,-0.40499999999999997,0.03509521484375
949.0,1.155,-2.73,-0.3428571428571429,0.0,0.035400390625
1088.0,1.155,-2.73,-0.3428571428571429,-0.045,0.03631591796875
890.0,1.155,-2.73,-0.3428571428571429,-0.09,0.03448486328125
1046.0,1.155,-2.73,-0.3428571428571429,-0.135,0.03631591796875
1055.0,1.155,-2.73,-0.3428571428571429,-0.18,0.03662109375
1046.0,1.155,-2.73,-0.3428571428571429,-0.225,0.0360107421875
881.0,1.155,-2.73,-0.3428571428571429,-0.27,0.0360107421875
940.0,1.155,-2.73,-0.3428571428571429,-0.315,0.035400390625
871.0,1.155,-2.73,-0.3428571428571429,-0.36,0.03570556640625
953.0,1.155,-2.73,-0.3428571428571429,-0.40499999999999997,0.03631591796875
868.0,1.155,-2.73,-0.4,0.0,0.0360107421875
911.0,1.155,-2.73,-0.4,-0.045,0.0341796875
935.0,1.155,-2.73,-0.4,-0.09,0.03570556640625
971.0,1.155,-2.73,-0.4,-0.135,0.03631591796875
892.0,1.155,-2.73,-0.4,-0.18,0.03662109375
978.0,1.155,-2.73,-0.4,-0.225,0.03631591796875
1320.0,1.155,-2.73,-0.4,-0.27,0.03662109375
1086.0,1.155,-2.73,-0.4,-0.315,0.03631591796875
979.0,1.155,-2.73,-0.4,-0.36,0.035400390625
822.0,1.155,-2.73,-0.4,-0.40499999999999997,0.03570556640625
973.0,1.155,-2.73,-0.4571428571428572,0.0,0.03753662109375
929.0,1.155,-2.73,-0.4571428571428572,-0.045,0.0360107421875
984.0,1.155,-2.73,-0.4571428571428572,-0.09,0.035400390625
796.0,1.155,-2.73,-0.4571428571428572,-0.135,0.03662109375
712.0,1.155,-2.73,-0.4571428571428572,-0.18,0.0372314453125
786.0,1.155,-2.73,-0.4571428571428572,-0.225,0.03570556640625
704.0,1.155,-2.73,-0.4571428571428572,-0.27,0.0347900390625
622.0,1.155,-2.73,-0.4571428571428572,-0.315,0.03631591796875
664.0,1.155,-2.73,-0.4571428571428572,-0.36,0.03631591796875
720.0,1.155,-2.73,-0.4571428571428572,-0.40499999999999997,0.0360107421875
1002.0,1.155,-2.73,-0.5142857142857143,0.0,0.03570556640625
719.0,1.155,-2.73,-0.5142857142857143,-0.045,0.03753662109375
712.0,1.155,-2.73,-0.5142857142857143,-0.09,0.03662109375
1087.0,1.155,-2.73,-0.5142857142857143,-0.135,0.03692626953125
824.0,1.155,-2.73,-0.5142857142857143,-0.18,0.03570556640625
978.0,1.155,-2.73,-0.5142857142857143,-0.225,0.035400390625
1255.0,1.155,-2.73,-0.5142857142857143,-0.27,0.0360107421875
911.0,1.155,-2.73,-0.5142857142857143,-0.315,0.03662109375
672.0,1.155,-2.73,-0.5142857142857143,-0.36,0.03570556640625
856.0,1.155,-2.73,-0.5142857142857143,-0.40499999999999997,0.0360107421875
973.0,0.9900000000000001,-2.6,0.0,0.0,0.03570556640625
1168.0,0.9900000000000001,-2.6,0.0,-0.045,0.0360107421875
1095.0,0.9900000000000001,-2.6,0.0,-0.09,0.03509521484375
715.0,0.9900000000000001,-2.6,0.0,-0.135,0.035400390625
836.0,0.9900000000000001,-2.6,0.0,-0.18,0.03631591796875
916.0,0.9900000000000001,-2.6,0.0,-0.225,0.03662109375
780.0,0.9900000000000001,-2.6,0.0,-0.27,0.0360107421875
888.0,0.9900000000000001,-2.6,0.0,-0.315,0.03631591796875
785.0,0.9900000000000001,-2.6,0.0,-0.36,0.035400390625
1051.0,0.9900000000000001,-2.6,0.0,-0.40499999999999997,0.03692626953125
1063.0,0.9900000000000001,-2.6,-0.05714285714285715,0.0,0.0372314453125
920.0,0.9900000000000001,-2.6,-0.05714285714285715,-0.045,0.03631591796875
875.0,0.9900000000000001,-2.6,-0.05714285714285715,-0.09,0.0347900390625
543.0,0.9900000000000001,-2.6,-0.05714285714285715,-0.135,0.03570556640625
821.0,0.9900000000000001,-2.6,-0.05714285714285715,-0.18,0.0360107421875
692.0,0.9900000000000001,-2.6,-0.05714285714285715,-0.225,0.03570556640625
987.0,0.9900000000000001,-2.6,-0.05714285714285715,-0.27,0.035400390625
745.0,0.9900000000000001,-2.6,-0.05714285714285715,-0.315,0.03662109375
698.0,0.9900000000000001,-2.6,-0.05714285714285715,-0.36,0.03631591796875
845.0,0.9900000000000001,-2.6,-0.05714285714285715,-0.40499999999999997,0.03631591796875
776.0,0.9900000000000001,-2.6,-0.1142857142857143,0.0,0.0360107421875
870.0,0.9900000000000001,-2.6,-0.1142857142857143,-0.045,0.03692626953125
771.0,0.9900000000000001,-2.6,-0.1142857142857143,-0.09,0.035400390625
902.0,0.9900000000000001,-2.6,-0.1142857142857143,-0.135,0.035400390625
719.0,0.9900000000000001,-2.6,-0.1142857142857143,-0.18,0.035400390625
682.0,0.9900000000000001,-2.6,-0.1142857142857143,-0.225,0.03631591796875
1088.0,0.9900000000000001,-2.6,-0.1142857142857143,-0.27,0.03662109375
737.0,0.9900000000000001,-2.6,-0.1142857142857143,-0.315,0.0360107421875
771.0,0.9900000000000001,-2.6,-0.1142857142857143,-0.36,0.0360107421875
801.0,0.9900000000000001,-2.6,-0.1142857142857143,-0.40499999999999997,0.03692626953125
1094.0,0.9900000000000001,-2.6,-0.17142857142857146,0.0,0.03662109375
886.0,0.9900000000000001,-2.6,-0.17142857142857146,-0.045,0.0360107421875
891.0,0.9900000000000001,-2.6,-0.17142857142857146,-0.09,0.035400390625
795.0,0.9900000000000001,-2.6,-0.17142857142857146,-0.135,0.035400390625
615.0,0.9900000000000001,-2.6,-0.17142857142857146,-0.18,0.03509521484375
1039.0,0.9900000000000001,-2.6,-0.17142857142857146,-0.225,0.0372314453125
1013.0,0.9900000000000001,-2.6,-0.17142857142857146,-0.27,0.0360107421875
737.0,0.9900000000000001,-2.6,-0.17142857142857146,-0.315,0.03753662109375
753.0,0.9900000000000001,-2.6,-0.17142857142857146,-0.36,0.0360107421875
749.0,0.9900000000000001,-2.6,-0.17142857142857146,-0.40499999999999997,0.0360107421875
754.0,0.9900000000000001,-2.6,-0.2285714285714286,0.0,0.03631591796875
852.0,0.9900000000000001,-2.6,-0.2285714285714286,-0.045,0.03692626953125
865.0,0.9900000000000001,-2.6,-0.2285714285714286,-0.09,0.03509521484375
1083.0,0.9900000000000001,-2.6,-0.2285714285714286,-0.135,0.03692626953125
833.0,0.9900000000000001,-2.6,-0.2285714285714286,-0.18,0.035400390625
856.0,0.9900000000000001,-2.6,-0.2285714285714286,-0.225,0.03753662109375
708.0,0.9900000000000001,-2.6,-0.2285714285714286,-0.27,0.03570556640625
496.0,0.9900000000000001,-2.6,-0.2285714285714286,-0.315,0.03631591796875
679.0,0.9900000000000001,-2.6,-0.2285714285714286,-0.36,0.03692626953125
753.0,0.9900000000000001,-2.6,-0.2285714285714286,-0.40499999999999997,0.0360107421875
652.0,0.9900000000000001,-2.6,-0.2857142857142857,0.0,0.0360107421875
745.0,0.9900000000000001,-2.6,-0.2857142857142857,-0.045,0.03570556640625
799.0,0.9900000000000001,-2.6,-0.2857142857142857,-0.09,0.03570556640625
791.0,0.9900000000000001,-2.6,-0.2857142857142857,-0.135,0.03509521484375
639.0,0.9900000000000001,-2.6,-0.2857142857142857,-0.18,0.03570556640625
666.0,0.9900000000000001,-2.6,-0.2857142857142857,-0.225,0.03692626953125
739.0,0.9900000000000001,-2.6,-0.2857142857142857,-0.27,0.035400390625
819.0,0.9900000000000001,-2.6,-0.2857142857142857,-0.315,0.03753662109375
780.0,0.9900000000000001,-2.6,-0.2857142857142857,-0.36,0.03570556640625
623.0,0.9900000000000001,-2.6,-0.2857142857142857,-0.40499999999999997,0.0347900390625
723.0,0.9900000000000001,-2.6,-0.3428571428571429,0.0,0.03692626953125
683.0,0.9900000000000001,-2.6,-0.3428571428571429,-0.045,0.03692626953125
577.0,0.9900000000000001,-2.6,-0.3428571428571429,-0.09,0.035400390625
695.0,0.9900000000000001,-2.6,-0.3428571428571429,-0.135,0.03692626953125
648.0,0.9900000000000001,-2.6,-0.3428571428571429,-0.18,0.03570556640625
489.0,0.9900000000000001,-2.6,-0.3428571428571429,-0.225,0.03509521484375
581.0,0.9900000000000001,-2.6,-0.3428571428571429,-0.27,0.03509521484375
526.0,0.9900000000000001,-2.6,-0.3428571428571429,-0.315,0.035400390625
524.0,0.9900000000000001,-2.6,-0.3428571428571429,-0.36,0.03662109375
602.0,0.9900000000000001,-2.6,-0.3428571428571429,-0.40499999999999997,0.0347900390625
535.0,0.9900000000000001,-2.6,-0.4,0.0,0.03753662109375
667.0,0.9900000000000001,-2.6,-0.4,-0.045,0.03631591796875
674.0,0.9900000000000001,-2.6,-0.4,-0.09,0.035400390625
676.0,0.9900000000000001,-2.6,-0.4,-0.135,0.0360107421875
716.0,0.9900000000000001,-2.6,-0.4,-0.18,0.0360107421875
631.0,0.9900000000000001,-2.6,-0.4,-0.225,0.035400390625
847.0,0.9900000000000001,-2.6,-0.4,-0.27,0.035400390625
704.0,0.9900000000000001,-2.6,-0.4,-0.315,0.03631591796875
1025.0,0.9900000000000001,-2.6,-0.4,-0.36,0.03631591796875
763.0,0.9900000000000001,-2.6,-0.4,-0.40499999999999997,0.03692626953125
916.0,0.9900000000000001,-2.6,-0.4571428571428572,0.0,0.03753662109375
838.0,0.9900000000000001,-2.6,-0.4571428571428572,-0.045,0.03692626953125
845.0,0.9900000000000001,-2.6,-0.4571428571428572,-0.09,0.035400390625
1198.0,0.9900000000000001,-2.6,-0.4571428571428572,-0.135,0.03570556640625
885.0,0.9900000000000001,-2.6,-0.4571428571428572,-0.18,0.0360107421875
1061.0,0.9900000000000001,-2.6,-0.4571428571428572,-0.225,0.03570556640625
1380.0,0.9900000000000001,-2.6,-0.4571428571428572,-0.27,0.03570556640625
972.0,0.9900000000000001,-2.6,-0.4571428571428572,-0.315,0.03692626953125
796.0,0.9900000000000001,-2.6,-0.4571428571428572,-0.36,0.0372314453125
1001.0,0.9900000000000001,-2.6,-0.4571428571428572,-0.40499999999999997,0.0347900390625
1369.0,0.9900000000000001,-2.6,-0.5142857142857143,0.0,0.035400390625
1101.0,0.9900000000000001,-2.6,-0.5142857142857143,-0.045,0.035400390625
912.0,0.9900000000000001,-2.6,-0.5142857142857143,-0.09,0.03662109375
1388.0,0.9900000000000001,-2.6,-0.5142857142857143,-0.135,0.03662109375
994.0,0.9900000000000001,-2.6,-0.5142857142857143,-0.18,0.0360107421875
1025.0,0.9900000000000001,-2.6,-0.5142857142857143,-0.225,0.03448486328125
810.0,0.9900000000000001,-2.6,-0.5142857142857143,-0.27,0.03631591796875
933.0,0.9900000000000001,-2.6,-0.5142857142857143,-0.315,0.03631591796875
844.0,0.9900000000000001,-2.6,-0.5142857142857143,-0.36,0.03570556640625
916.0,0.9900000000000001,-2.6,-0.5142857142857143,-0.40499999999999997,0.03692626953125
907.0,1.0450000000000002,-2.6,0.0,0.0,0.03662109375
833.0,1.0450000000000002,-2.6,0.0,-0.045,0.03692626953125
1179.0,1.0450000000000002,-2.6,0.0,-0.09,0.03631591796875
1046.0,1.0450000000000002,-2.6,0.0,-0.135,0.03509521484375
983.0,1.0450000000000002,-2.6,0.0,-0.18,0.03631591796875
944.0,1.0450000000000002,-2.6,0.0,-0.225,0.03509521484375
1037.0,1.0450000000000002,-2.6,0.0,-0.27,0.03692626953125
957.0,1.0450000000000002,-2.6,0.0,-0.315,0.03570556640625
1022.0,1.0450000000000002,-2.6,0.0,-0.36,0.0360107421875
985.0,1.0450000000000002,-2.6,0.0,-0.40499999999999997,0.035400390625
1112.0,1.0450000000000002,-2.6,-0.05714285714285715,0.0,0.0360107421875
905.0,1.0450000000000002,-2.6,-0.05714285714285715,-0.045,0.03753662109375
1261.0,1.0450000000000002,-2.6,-0.05714285714285715,-0.09,0.03570556640625
1094.0,1.0450000000000002,-2.6,-0.05714285714285715,-0.135,0.03631591796875
1104.0,1.0450000000000002,-2.6,-0.05714285714285715,-0.18,0.0360107421875
1342.0,1.0450000000000002,-2.6,-0.05714285714285715,-0.225,0.03631591796875
1323.0,1.0450000000000002,-2.6,-0.05714285714285715,-0.27,0.03570556640625
1046.0,1.0450000000000002,-2.6,-0.05714285714285715,-0.315,0.03570556640625
1185.0,1.0450000000000002,-2.6,-0.05714285714285715,-0.36,0.035400390625
993.0,1.0450000000000002,-2.6,-0.05714285714285715,-0.40499999999999997,0.0360107421875
1183.0,1.0450000000000002,-2.6,-0.1142857142857143,0.0,0.0347900390625
950.0,1.0450000000000002,-2.6,-0.1142857142857143,-0.045,0.0360107421875
844.0,1.0450000000000002,-2.6,-0.1142857142857143,-0.09,0.03570556640625
1056.0,1.0450000000000002,-2.6,-0.1142857142857143,-0.135,0.035400390625
1241.0,1.0450000000000002,-2.6,-0.1142857142857143,-0.18,0.03692626953125
1113.0,1.0450000000000002,-2.6,-0.1142857142857143,-0.225,0.03631591796875
1280.0,1.0450000000000002,-2.6,-0.1142857142857143,-0.27,0.03753662109375
1022.0,1.0450000000000002,-2.6,-0.1142857142857143,-0.315,0.0360107421875
1348.0,1.0450000000000002,-2.6,-0.1142857142857143,-0.36,0.035400390625
1342.0,1.0450000000000002,-2.6,-0.1142857142857143,-0.40499999999999997,0.035400390625
924.0,1.0450000000000002,-2.6,-0.17142857142857146,0.0,0.03631591796875
863.0,1.0450000000000002,-2.6,-0.17142857142857146,-0.045,0.03509521484375
765.0,1.0450000000000002,-2.6,-0.17142857142857146,-0.09,0.03662109375
1159.0,1.0450000000000002,-2.6,-0.17142857142857146,-0.135,0.035400390625
829.0,1.0450000000000002,-2.6,-0.17142857142857146,-0.18,0.03662109375
1347.0,1.0450000000000002,-2.6,-0.17142857142857146,-0.225,0.03631591796875
1032.0,1.0450000000000002,-2.6,-0.17142857142857146,-0.27,0.03631591796875
1113.0,1.0450000000000002,-2.6,-0.17142857142857146,-0.315,0.035400390625
1308.0,1.0450000000000002,-2.6,-0.17142857142857146,-0.36,0.03662109375
928.0,1.0450000000000002,-2.6,-0.17142857142857146,-0.40499999999999997,0.035400390625
939.0,1.0450000000000002,-2.6,-0.2285714285714286,0.0,0.03509521484375
1216.0,1.0450000000000002,-2.6,-0.2285714285714286,-0.045,0.03662109375
1019.0,1.0450000000000002,-2.6,-0.2285714285714286,-0.09,0.037841796875
989.0,1.0450000000000002,-2.6,-0.2285714285714286,-0.135,0.03662109375
1009.0,1.0450000000000002,-2.6,-0.2285714285714286,-0.18,0.035400390625
1261.0,1.0450000000000002,-2.6,-0.2285714285714286,-0.225,0.035400390625
1136.0,1.0450000000000002,-2.6,-0.2285714285714286,-0.27,0.03692626953125
1223.0,1.0450000000000002,-2.6,-0.2285714285714286,-0.315,0.035400390625
1103.0,1.0450000000000002,-2.6,-0.2285714285714286,-0.36,0.03448486328125
745.0,1.0450000000000002,-2.6,-0.2285714285714286,-0.40499999999999997,0.03692626953125
1159.0,1.0450000000000002,-2.6,-0.2857142857142857,0.0,0.0347900390625
1060.0,1.0450000000000002,-2.6,-0.2857142857142857,-0.045,0.035400390625
1104.0,1.0450000000000002,-2.6,-0.2857142857142857,-0.09,0.0372314453125
992.0,1.0450000000000002,-2.6,-0.2857142857142857,-0.135,0.03631591796875
889.0,1.0450000000000002,-2.6,-0.2857142857142857,-0.18,0.0360107421875
1224.0,1.0450000000000002,-2.6,-0.2857142857142857,-0.225,0.0347900390625
1214.0,1.0450000000000002,-2.6,-0.2857142857142857,-0.27,0.03662109375
1194.0,1.0450000000000002,-2.6,-0.2857142857142857,-0.315,0.0360107421875
1084.0,1.0450000000000002,-2.6,-0.2857142857142857,-0.36,0.03631591796875
868.0,1.0450000000000002,-2.6,-0.2857142857142857,-0.40499999999999997,0.03662109375
1114.0,1.0450000000000002,-2.6,-0.3428571428571429,0.0,0.03570556640625
1018.0,1.0450000000000002,-2.6,-0.3428571428571429,-0.045,0.0360107421875
1709.0,1.0450000000000002,-2.6,-0.3428571428571429,-0.09,0.0360107421875
814.0,1.0450000000000002,-2.6,-0.3428571428571429,-0.135,0.0360107421875
939.0,1.0450000000000002,-2.6,-0.3428571428571429,-0.18,0.0360107421875
1089.0,1.0450000000000002,-2.6,-0.3428571428571429,-0.225,0.0360107421875
860.0,1.0450000000000002,-2.6,-0.3428571428571429,-0.27,0.03692626953125
1088.0,1.0450000000000002,-2.6,-0.3428571428571429,-0.315,0.037841796875
850.0,1.0450000000000002,-2.6,-0.3428571428571429,-0.36,0.03662109375
1121.0,1.0450000000000002,-2.6,-0.3428571428571429,-0.40499999999999997,0.03692626953125
822.0,1.0450000000000002,-2.6,-0.4,0.0,0.0360107421875
818.0,1.0450000000000002,-2.6,-0.4,-0.045,0.035400390625
696.0,1.0450000000000002,-2.6,-0.4,-0.09,0.0360107421875
497.0,1.0450000000000002,-2.6,-0.4,-0.135,0.03509521484375
956.0,1.0450000000000002,-2.6,-0.4,-0.18,0.03692626953125
628.0,1.0450000000000002,-2.6,-0.4,-0.225,0.03662109375
777.0,1.0450000000000002,-2.6,-0.4,-0.27,0.03631591796875
870.0,1.0450000000000002,-2.6,-0.4,-0.315,0.03692626953125
817.0,1.0450000000000002,-2.6,-0.4,-0.36,0.0360107421875
608.0,1.0450000000000002,-2.6,-0.4,-0.40499999999999997,0.03662109375
739.0,1.0450000000000002,-2.6,-0.4571428571428572,0.0,0.0360107421875
624.0,1.0450000000000002,-2.6,-0.4571428571428572,-0.045,0.0372314453125
1611.0,1.0450000000000002,-2.6,-0.4571428571428572,-0.09,0.03631591796875
623.0,1.0450000000000002,-2.6,-0.4571428571428572,-0.135,0.0372314453125
646.0,1.0450000000000002,-2.6,-0.4571428571428572,-0.18,0.03692626953125
840.0,1.0450000000000002,-2.6,-0.4571428571428572,-0.225,0.03662109375
822.0,1.0450000000000002,-2.6,-0.4571428571428572,-0.27,0.03570556640625
648.0,1.0450000000000002,-2.6,-0.4571428571428572,-0.315,0.0360107421875
557.0,1.0450000000000002,-2.6,-0.4571428571428572,-0.36,0.03570556640625
578.0,1.0450000000000002,-2.6,-0.4571428571428572,-0.40499999999999997,0.035400390625
629.0,1.0450000000000002,-2.6,-0.5142857142857143,0.0,0.03509521484375
645.0,1.0450000000000002,-2.6,-0.5142857142857143,-0.045,0.03570556640625
560.0,1.0450000000000002,-2.6,-0.5142857142857143,-0.09,0.03570556640625
656.0,1.0450000000000002,-2.6,-0.5142857142857143,-0.135,0.0360107421875
648.0,1.0450000000000002,-2.6,-0.5142857142857143,-0.18,0.03692626953125
670.0,1.0450000000000002,-2.6,-0.5142857142857143,-0.225,0.03692626953125
671.0,1.0450000000000002,-2.6,-0.5142857142857143,-0.27,0.03692626953125
633.0,1.0450000000000002,-2.6,-0.5142857142857143,-0.315,0.03631591796875
975.0,1.0450000000000002,-2.6,-0.5142857142857143,-0.36,0.0360107421875
737.0,1.0450000000000002,-2.6,-0.5142857142857143,-0.40499999999999997,0.03631591796875
577.0,1.1,-2.6,0.0,0.0,0.0360107421875
548.0,1.1,-2.6,0.0,-0.045,0.0372314453125
631.0,1.1,-2.6,0.0,-0.09,0.03631591796875
673.0,1.1,-2.6,0.0,-0.135,0.03692626953125
784.0,1.1,-2.6,0.0,-0.18,0.0360107421875
682.0,1.1,-2.6,0.0,-0.225,0.03631591796875
537.0,1.1,-2.6,0.0,-0.27,0.0360107421875
614.0,1.1,-2.6,0.0,-0.315,0.0347900390625
488.0,1.1,-2.6,0.0,-0.36,0.03692626953125
554.0,1.1,-2.6,0.0,-0.40499999999999997,0.03631591796875
509.0,1.1,-2.6,-0.05714285714285715,0.0,0.03570556640625
591.0,1.1,-2.6,-0.05714285714285715,-0.045,0.03631591796875
701.0,1.1,-2.6,-0.05714285714285715,-0.09,0.03692626953125
529.0,1.1,-2.6,-0.05714285714285715,-0.135,0.03570556640625
621.0,1.1,-2.6,-0.05714285714285715,-0.18,0.03570556640625
765.0,1.1,-2.6,-0.05714285714285715,-0.225,0.0360107421875
598.0,1.1,-2.6,-0.05714285714285715,-0.27,0.03753662109375
671.0,1.1,-2.6,-0.05714285714285715,-0.315,0.03753662109375
751.0,1.1,-2.6,-0.05714285714285715,-0.36,0.03692626953125
567.0,1.1,-2.6,-0.05714285714285715,-0.40499999999999997,0.03631591796875
566.0,1.1,-2.6,-0.1142857142857143,0.0,0.0360107421875
577.0,1.1,-2.6,-0.1142857142857143,-0.045,0.03692626953125
731.0,1.1,-2.6,-0.1142857142857143,-0.09,0.035400390625
660.0,1.1,-2.6,-0.1142857142857143,-0.135,0.03631591796875
602.0,1.1,-2.6,-0.1142857142857143,-0.18,0.03662109375
560.0,1.1,-2.6,-0.1142857142857143,-0.225,0.0347900390625
551.0,1.1,-2.6,-0.1142857142857143,-0.27,0.0360107421875
557.0,1.1,-2.6,-0.1142857142857143,-0.315,0.035400390625
727.0,1.1,-2.6,-0.1142857142857143,-0.36,0.03631591796875
819.0,1.1,-2.6,-0.1142857142857143,-0.40499999999999997,0.0360107421875
710.0,1.1,-2.6,-0.17142857142857146,0.0,0.03570556640625
712.0,1.1,-2.6,-0.17142857142857146,-0.045,0.03753662109375
593.0,1.1,-2.6,-0.17142857142857146,-0.09,0.03570556640625
560.0,1.1,-2.6,-0.17142857142857146,-0.135,0.03662109375
765.0,1.1,-2.6,-0.17142857142857146,-0.18,0.03692626953125
698.0,1.1,-2.6,-0.17142857142857146,-0.225,0.03509521484375
629.0,1.1,-2.6,-0.17142857142857146,-0.27,0.03753662109375
807.0,1.1,-2.6,-0.17142857142857146,-0.315,0.03631591796875
567.0,1.1,-2.6,-0.17142857142857146,-0.36,0.035400390625
555.0,1.1,-2.6,-0.17142857142857146,-0.40499999999999997,0.03662109375
689.0,1.1,-2.6,-0.2285714285714286,0.0,0.0372314453125
618.0,1.1,-2.6,-0.2285714285714286,-0.045,0.035400390625
613.0,1.1,-2.6,-0.2285714285714286,-0.09,0.035400390625
661.0,1.1,-2.6,-0.2285714285714286,-0.135,0.0360107421875
1173.0,1.1,-2.6,-0.2285714285714286,-0.18,0.03631591796875
822.0,1.1,-2.6,-0.2285714285714286,-0.225,0.03570556640625
545.0,1.1,-2.6,-0.2285714285714286,-0.27,0.0360107421875
989.0,1.1,-2.6,-0.2285714285714286,-0.315,0.035400390625
781.0,1.1,-2.6,-0.2285714285714286,-0.36,0.03692626953125
554.0,1.1,-2.6,-0.2285714285714286,-0.40499999999999997,0.03570556640625
785.0,1.1,-2.6,-0.2857142857142857,0.0,0.03692626953125
582.0,1.1,-2.6,-0.2857142857142857,-0.045,0.0360107421875
705.0,1.1,-2.6,-0.2857142857142857,-0.09,0.0360107421875
994.0,1.1,-2.6,-0.2857142857142857,-0.135,0.035400390625
572.0,1.1,-2.6,-0.2857142857142857,-0.18,0.03631591796875
864.0,1.1,-2.6,-0.2857142857142857,-0.225,0.03570556640625
752.0,1.1,-2.6,-0.2857142857142857,-0.27,0.03692626953125
723.0,1.1,-2.6,-0.2857142857142857,-0.315,0.03631591796875
647.0,1.1,-2.6,-0.2857142857142857,-0.36,0.03662109375
741.0,1.1,-2.6,-0.2857142857142857,-0.40499999999999997,0.03692626953125
709.0,1.1,-2.6,-0.3428571428571429,0.0,0.0347900390625
615.0,1.1,-2.6,-0.3428571428571429,-0.045,0.03631591796875
867.0,1.1,-2.6,-0.3428571428571429,-0.09,0.03570556640625
680.0,1.1,-2.6,-0.3428571428571429,-0.135,0.03631591796875
751.0,1.1,-2.6,-0.3428571428571429,-0.18,0.0360107421875
618.0,1.1,-2.6,-0.3428571428571429,-0.225,0.03631591796875
635.0,1.1,-2.6,-0.3428571428571429,-0.27,0.03631591796875
655.0,1.1,-2.6,-0.3428571428571429,-0.315,0.03662109375
743.0,1.1,-2.6,-0.3428571428571429,-0.36,0.0360107421875
581.0,1.1,-2.6,-0.3428571428571429,-0.40499999999999997,0.03570556640625
705.0,1.1,-2.6,-0.4,0.0,0.03631591796875
855.0,1.1,-2.6,-0.4,-0.045,0.0360107421875
607.0,1.1,-2.6,-0.4,-0.09,0.03753662109375
884.0,1.1,-2.6,-0.4,-0.135,0.03631591796875
826.0,1.1,-2.6,-0.4,-0.18,0.035400390625
686.0,1.1,-2.6,-0.4,-0.225,0.03662109375
603.0,1.1,-2.6,-0.4,-0.27,0.03509521484375
627.0,1.1,-2.6,-0.4,-0.315,0.03631591796875
649.0,1.1,-2.6,-0.4,-0.36,0.0360107421875
620.0,1.1,-2.6,-0.4,-0.40499999999999997,0.03692626953125
626.0,1.1,-2.6,-0.4571428571428572,0.0,0.03753662109375
1064.0,1.1,-2.6,-0.4571428571428572,-0.045,0.0360107421875
790.0,1.1,-2.6,-0.4571428571428572,-0.09,0.03631591796875
917.0,1.1,-2.6,-0.4571428571428572,-0.135,0.0360107421875
948.0,1.1,-2.6,-0.4571428571428572,-0.18,0.035400390625
703.0,1.1,-2.6,-0.4571428571428572,-0.225,0.035400390625
571.0,1.1,-2.6,-0.4571428571428572,-0.27,0.0360107421875
537.0,1.1,-2.6,-0.4571428571428572,-0.315,0.03570556640625
780.0,1.1,-2.6,-0.4571428571428572,-0.36,0.03662109375
888.0,1.1,-2.6,-0.4571428571428572,-0.40499999999999997,0.03662109375
684.0,1.1,-2.6,-0.5142857142857143,0.0,0.035400390625
928.0,1.1,-2.6,-0.5142857142857143,-0.045,0.03631591796875
720.0,1.1,-2.6,-0.5142857142857143,-0.09,0.0372314453125
741.0,1.1,-2.6,-0.5142857142857143,-0.135,0.035400390625
740.0,1.1,-2.6,-0.5142857142857143,-0.18,0.03631591796875
658.0,1.1,-2.6,-0.5142857142857143,-0.225,0.0360107421875
649.0,1.1,-2.6,-0.5142857142857143,-0.27,0.0360107421875
719.0,1.1,-2.6,-0.5142857142857143,-0.315,0.03692626953125
780.0,1.1,-2.6,-0.5142857142857143,-0.36,0.03631591796875
766.0,1.1,-2.6,-0.5142857142857143,-0.40499999999999997,0.03631591796875
718.0,1.155,-2.6,0.0,0.0,0.03662109375
657.0,1.155,-2.6,0.0,-0.045,0.0360107421875
738.0,1.155,-2.6,0.0,-0.09,0.03662109375
820.0,1.155,-2.6,0.0,-0.135,0.03692626953125
739.0,1.155,-2.6,0.0,-0.18,0.03753662109375
809.0,1.155,-2.6,0.0,-0.225,0.03753662109375
732.0,1.155,-2.6,0.0,-0.27,0.035400390625
708.0,1.155,-2.6,0.0,-0.315,0.035400390625
893.0,1.155,-2.6,0.0,-0.36,0.03631591796875
828.0,1.155,-2.6,0.0,-0.40499999999999997,0.03692626953125
945.0,1.155,-2.6,-0.05714285714285715,0.0,0.03753662109375
823.0,1.155,-2.6,-0.05714285714285715,-0.045,0.0372314453125
667.0,1.155,-2.6,-0.05714285714285715,-0.09,0.03631591796875
770.0,1.155,-2.6,-0.05714285714285715,-0.135,0.0360107421875
781.0,1.155,-2.6,-0.05714285714285715,-0.18,0.035400390625
688.0,1.155,-2.6,-0.05714285714285715,-0.225,0.03662109375
822.0,1.155,-2.6,-0.05714285714285715,-0.27,0.0372314453125
877.0,1.155,-2.6,-0.05714285714285715,-0.315,0.0347900390625
804.0,1.155,-2.6,-0.05714285714285715,-0.36,0.03692626953125
606.0,1.155,-2.6,-0.05714285714285715,-0.40499999999999997,0.0360107421875
648.0,1.155,-2.6,-0.1142857142857143,0.0,0.03753662109375
893.0,1.155,-2.6,-0.1142857142857143,-0.045,0.03662109375
775.0,1.155,-2.6,-0.1142857142857143,-0.09,0.03753662109375
669.0,1.155,-2.6,-0.1142857142857143,-0.135,0.03631591796875
878.0,1.155,-2.6,-0.1142857142857143,-0.18,0.0360107421875
879.0,1.155,-2.6,-0.1142857142857143,-0.225,0.03631591796875
637.0,1.155,-2.6,-0.1142857142857143,-0.27,0.03631591796875
727.0,1.155,-2.6,-0.1142857142857143,-0.315,0.0360107421875
953.0,1.155,-2.6,-0.1142857142857143,-0.36,0.03692626953125
594.0,1.155,-2.6,-0.1142857142857143,-0.40499999999999997,0.0360107421875
931.0,1.155,-2.6,-0.17142857142857146,0.0,0.03692626953125
681.0,1.155,-2.6,-0.17142857142857146,-0.045,0.03753662109375
1029.0,1.155,-2.6,-0.17142857142857146,-0.09,0.03570556640625
874.0,1.155,-2.6,-0.17142857142857146,-0.135,0.03631591796875
830.0,1.155,-2.6,-0.17142857142857146,-0.18,0.035400390625
981.0,1.155,-2.6,-0.17142857142857146,-0.225,0.03570556640625
732.0,1.155,-2.6,-0.17142857142857146,-0.27,0.03631591796875
793.0,1.155,-2.6,-0.17142857142857146,-0.315,0.03692626953125
870.0,1.155,-2.6,-0.17142857142857146,-0.36,0.03662109375
689.0,1.155,-2.6,-0.17142857142857146,-0.40499999999999997,0.0372314453125
1159.0,1.155,-2.6,-0.2285714285714286,0.0,0.03631591796875
951.0,1.155,-2.6,-0.2285714285714286,-0.045,0.03692626953125
795.0,1.155,-2.6,-0.2285714285714286,-0.09,0.0360107421875
649.0,1.155,-2.6,-0.2285714285714286,-0.135,0.03692626953125
734.0,1.155,-2.6,-0.2285714285714286,-0.18,0.03631591796875
644.0,1.155,-2.6,-0.2285714285714286,-0.225,0.03662109375
674.0,1.155,-2.6,-0.2285714285714286,-0.27,0.03631591796875
763.0,1.155,-2.6,-0.2285714285714286,-0.315,0.03509521484375
1300.0,1.155,-2.6,-0.2285714285714286,-0.36,0.0360107421875
807.0,1.155,-2.6,-0.2285714285714286,-0.40499999999999997,0.0360107421875
889.0,1.155,-2.6,-0.2857142857142857,0.0,0.035400390625
1063.0,1.155,-2.6,-0.2857142857142857,-0.045,0.03662109375
816.0,1.155,-2.6,-0.2857142857142857,-0.09,0.035400390625
1235.0,1.155,-2.6,-0.2857142857142857,-0.135,0.03692626953125
1010.0,1.155,-2.6,-0.2857142857142857,-0.18,0.0360107421875
906.0,1.155,-2.6,-0.2857142857142857,-0.225,0.035400390625
1070.0,1.155,-2.6,-0.2857142857142857,-0.27,0.0347900390625
1099.0,1.155,-2.6,-0.2857142857142857,-0.315,0.035400390625
929.0,1.155,-2.6,-0.2857142857142857,-0.36,0.03753662109375
872.0,1.155,-2.6,-0.2857142857142857,-0.40499999999999997,0.03692626953125
1059.0,1.155,-2.6,-0.3428571428571429,0.0,0.03662109375
1069.0,1.155,-2.6,-0.3428571428571429,-0.045,0.03570556640625
998.0,1.155,-2.6,-0.3428571428571429,-0.09,0.03631591796875
959.0,1.155,-2.6,-0.3428571428571429,-0.135,0.03631591796875
898.0,1.155,-2.6,-0.3428571428571429,-0.18,0.0372314453125
928.0,1.155,-2.6,-0.3428571428571429,-0.225,0.03662109375
884.0,1.155,-2.6,-0.3428571428571429,-0.27,0.035400390625
935.0,1.155,-2.6,-0.3428571428571429,-0.315,0.03631591796875
859.0,1.155,-2.6,-0.3428571428571429,-0.36,0.03692626953125
663.0,1.155,-2.6,-0.3428571428571429,-0.40499999999999997,0.03753662109375
1066.0,1.155,-2.6,-0.4,0.0,0.03631591796875
821.0,1.155,-2.6,-0.4,-0.045,0.0372314453125
954.0,1.155,-2.6,-0.4,-0.09,0.0360107421875
1054.0,1.155,-2.6,-0.4,-0.135,0.03570556640625
1081.0,1.155,-2.6,-0.4,-0.18,0.03631591796875
1266.0,1.155,-2.6,-0.4,-0.225,0.0360107421875
967.0,1.155,-2.6,-0.4,-0.27,0.035400390625
1217.0,1.155,-2.6,-0.4,-0.315,0.03631591796875
1208.0,1.155,-2.6,-0.4,-0.36,0.03570556640625
947.0,1.155,-2.6,-0.4,-0.40499999999999997,0.03631591796875
1170.0,1.155,-2.6,-0.4571428571428572,0.0,0.0360107421875
1030.0,1.155,-2.6,-0.4571428571428572,-0.045,0.0360107421875
1050.0,1.155,-2.6,-0.4571428571428572,-0.09,0.03692626953125
860.0,1.155,-2.6,-0.4571428571428572,-0.135,0.03631591796875
776.0,1.155,-2.6,-0.4571428571428572,-0.18,0.03692626953125
955.0,1.155,-2.6,-0.4571428571428572,-0.225,0.03631591796875
1083.0,1.155,-2.6,-0.4571428571428572,-0.27,0.03662109375
1012.0,1.155,-2.6,-0.4571428571428572,-0.315,0.03692626953125
880.0,1.155,-2.6,-0.4571428571428572,-0.36,0.0347900390625
963.0,1.155,-2.6,-0.4571428571428572,-0.40499999999999997,0.03753662109375
1090.0,1.155,-2.6,-0.5142857142857143,0.0,0.0372314453125
783.0,1.155,-2.6,-0.5142857142857143,-0.045,0.03570556640625
1115.0,1.155,-2.6,-0.5142857142857143,-0.09,0.03753662109375
1343.0,1.155,-2.6,-0.5142857142857143,-0.135,0.0360107421875
889.0,1.155,-2.6,-0.5142857142857143,-0.18,0.03662109375
1047.0,1.155,-2.6,-0.5142857142857143,-0.225,0.03662109375
677.0,1.155,-2.6,-0.5142857142857143,-0.27,0.03662109375
699.0,1.155,-2.6,-0.5142857142857143,-0.315,0.0360107421875
624.0,1.155,-2.6,-0.5142857142857143,-0.36,0.03509521484375
745.0,1.155,-2.6,-0.5142857142857143,-0.40499999999999997,0.03662109375
